0,8.04
811,5.5
1516,10
3760,10.46
5097,15.5
6774,8.87
7195,6.78
10549,39.44
19768,38.36
22825,23.28
24778,17.8
27168,9.2
27901,44.77
34024,17.4
37017,6.2
37644,6.96
38225,12.72
39333,5
39616,5
40110,7.92
40884,7.8
41622,7.8
42418,12.6
48643,5.4
50755,4.6
51067,5.75
51334,7.4
52033,7.8
53042,20
54860,17.6
56366,6
56817,7.2
58029,4.8
58297,5.98
58828,13.2
60435,12
62374,9.2
63068,14.8
64308,10.4
65214,12
71827,9.5
72568,14.7
76255,11.5
77154,7.24
77846,12.1
78764,10.92
80759,6.3
81130,6.78
82486,20.3
84515,7.9
85258,5.5
85610,7.1
87137,5.9
87459,7.3
88183,5.1
88448,10.7
89214,5.9
89516,8.5
89995,5.9
90472,10.1
91177,9.5
92366,12.3
97816,14.6
106229,3
106476,3
107508,11.25
108968,50.07
112327,5
112986,12.25
114073,6.6
114973,9
115683,4.2
116376,4.2
116840,10.6
118310,9.4
119220,7
119902,6.67
120821,14.2
122246,15
124645,10.32
125326,11.5
126441,8.8
127179,9.4
128061,9.4
129074,14.2
130449,12.8
131757,4.2
131951,4.2
132130,19
134460,6.6
135024,7
136295,6.2
136949,17
138266,13.4
140781,15.75
142052,11.8
142810,10.6
143996,3.8
144439,5.4
145078,11.4
145957,10.2
146839,5.4
147285,9.4
147912,18.63
149519,7.59
150018,10.6
150761,14.75
153249,8.05
154286,10.6
155243,9
156197,11.7
157113,7.9
157787,15.9
159407,9.9
161455,6.7
161931,8.7
162501,7.9
163038,15.1
166402,6.7
167621,4.7
167869,8.7
168648,13.32
169512,18.7
170982,5.1
171268,6.5
171631,15.9
173512,11.1
174567,15.9
176094,8.7
178695,18.74
180708,14.7
182883,6.9
184239,6.3
184731,6.3
185163,7.5
189599,11.4
190448,9.1
193699,5
194029,3.8
194704,4.2
195426,7
197309,10.6
198117,5.8
199547,5.4
201677,50.07
204928,7.8
205624,14.03
207116,9
208048,5.4
208618,6.2
209036,9
209991,9
210751,5.4
211746,13.2
212800,5.8
213707,6.6
214516,14
215976,13.2
216831,12.6
217780,5
218751,6.2
219246,14
220901,5.4
221428,5.75
221890,4.2
222134,8
222812,7
223337,11.6
224475,10.5
230044,13
232067,11
233184,13.68
234333,13.4
236335,7.4
236876,25.53
239129,7.4
241434,3.8
241617,9
242449,11.5
243271,7.9
247489,7.1
248023,5.87
248373,11.5
249284,9.5
249835,10
254800,6
255855,9.8
256644,6.7
257183,24.26
259854,14.3
267619,4.3
268159,23.9
270142,11.84
274267,4.7
274676,7.7
277374,36.36
280565,14.64
282475,4.2
283021,17.4
284799,14.64
285618,33.56
288986,34.77
291176,11.27
292504,5
293056,9.75
293965,5.4
294463,3.8
294919,10.8
295951,5.4
296722,5.4
298542,11.8
299407,10.2
300763,13.8
303292,8.2
304172,10.35
304993,7.8
305691,9.4
306791,7.8
307553,6.6
308249,5.8
308812,5
309691,31.97
313960,31.24
316476,6
316775,10.2
318206,8
318862,8.8
319640,7.8
320031,7.6
321933,9.4
322590,7.6
322999,16.56
324213,9.2
324988,6.8
325557,5.6
327811,6.8
328569,11.96
329528,21.37
331296,6.7
333316,6.7
334199,8.9
335018,9
335687,24.7
340926,5.7
341294,6.3
341820,7.08
342136,6.7
342718,7.5
343494,8.1
344367,9
345808,11.1
346584,9.9
348701,10.3
356083,5.9
356731,14.7
361173,14.7
362815,7.8
363277,47
368354,5.8
368813,5.4
369149,4.6
369618,13.68
370721,13
371939,16.6
373646,8.8
374555,5.8
375036,4.2
375284,13.05
376466,5.8
377244,27.37
379141,12.2
381089,23.5
382731,7.6
383819,19.7
387168,4.6
388496,5.52
388912,11.8
391472,7
392123,4.6
392519,8.6
393625,17.04
395323,12.65
396637,4.2
397866,12.19
398980,13.2
400974,6
401364,8.8
402398,5.2
402668,4.4
402952,6.8
403783,6.8
404565,6
404900,8.8
405576,7.6
406079,6
406418,23
408450,8.8
409340,7.6
410146,10
410778,9.2
413050,9.6
414055,4.8
414740,7.68
415787,5.5
416285,8.7
417893,11.84
419565,5.1
419838,10.5
422505,7.1
423098,9.9
424137,18.3
425538,9.08
428134,8.5
429952,30.47
435010,8.7
435829,11.38
436652,8.52
437110,6.3
438022,7.5
440038,11.88
440985,7.5
442385,8.52
447514,12.7
449558,10.44
452346,7.4
453083,5.75
454059,6.3
454472,5.8
455150,6.6
456051,5.75
457000,12.9
458638,12.2
460058,14.2
461850,9.2
462703,7
463269,6.2
463759,12.72
465661,8.2
466365,5
467047,5
468169,6.6
468735,8.2
469506,9.84
470411,25.57
473351,13.8
474686,6.6
475429,8.2
476638,8.2
477161,16.2
478444,4.2
478695,14.6
480438,9.4
481480,7.4
482643,3.8
482832,11
484343,8.2
485267,5
486552,6.6
487296,8.8
488271,13.92
489188,10.08
490417,6
490807,6.4
491358,16.7
492587,6
493531,15.2
494840,10
495489,10.8
495999,7.36
497545,7.2
497841,10.12
498729,8.8
500045,17.2
501840,8.3
502415,12.76
503733,14.14
505041,29.27
506619,24.07
508943,23.5
510208,10.3
510909,14.1
511911,10.9
513843,10.7
514813,5.1
515138,12.3
516078,10.3
517424,10.5
525755,13.68
527705,18.7
532771,9.7
535766,5.5
538947,29.72
542348,5
543923,9.8
544989,6.2
545350,10.35
546116,12.24
547095,10
548091,7.4
548698,4.2
549288,8.2
550251,4.6
550745,7.8
551985,5.4
552801,17.2
554416,6.5
554820,5.4
556486,8.88
557559,7.4
558424,8
559183,8.2
559986,7.75
560589,9.8
561661,5.8
561977,12.6
563841,13.4
565708,5.8
566858,6.6
567547,13.57
569173,18.48
572060,8.6
572807,13.57
574808,10
575545,6.72
576876,9.6
577563,12.88
578569,6.4
578953,7.2
579463,8.7
579808,20
581515,8.8
582043,6.8
582571,13.6
585274,10.8
586306,5.2
586889,7.2
587245,12.8
588538,5.9
588908,9.1
589565,8.62
590104,7.5
590461,8.3
591118,16.3
593546,15.98
594938,7.5
595335,7.5
595793,15.1
596833,5.5
597472,3.9
598328,8.5
598917,23.4
601294,9.5
601877,10.92
604858,6.3
605292,11.9
606382,8.62
607230,5.1
607555,24.84
609101,5.1
613002,11.1
614998,8
617844,7.9
619208,6.78
621550,8.62
625684,6
626646,4.2
627052,5.4
627554,30.27
629746,19
631931,6.6
632979,8.4
633603,6.67
633935,10.9
634735,5
635530,11.28
636636,17
638234,7
639297,11.6
640412,4.2
640903,8.2
642270,12.4
643037,7
643758,6.6
644414,11.8
645707,9
646650,10.2
652888,5.8
653371,9.8
654524,5.4
654953,7.4
655506,6.6
656110,8.6
657136,10.8
658057,12.19
659590,5
659903,8
660690,10
661485,8
662289,6.2
663090,6
663406,15.6
664703,10
665455,7.8
666008,7.2
666459,8.4
667172,10
668069,12
668912,6.4
669386,8.8
669920,8.68
670500,7.68
670866,7.5
672157,11.2
673177,22
675867,11.9
677099,7.1
677554,11.5
678185,6.37
678573,5.5
679060,4.7
679610,5.5
680048,17
681423,8.7
682214,8.7
682843,31.87
685688,15.1
686680,9.3
688218,18.3
690261,6.7
690757,17.7
691851,9.5
692653,14.28
694962,8.7
695623,6.3
696211,9.1
697662,19.1
700180,9.9
702039,13.8
703551,4.3
703776,8.1
704251,8.7
708838,60.08
713919,34.2
716726,4.6
717113,9.9
718818,22.6
721162,14.6
723811,5.25
724283,8.6
725175,6.4
725577,9
727614,13.2
728964,33.17
734272,26.77
735725,5
736055,3.4
736218,5
736645,5.8
737071,7.13
737502,4.2
737812,7.4
738405,6.6
739177,5.8
739803,15.8
741373,5.8
741888,8.2
742719,15.8
744843,12.2
745943,5.4
746443,17.6
747540,12.2
748457,10.6
749797,10.28
750420,7
751035,13.4
752908,8.2
754025,12.65
755080,9
756096,12.2
757358,6.2
759238,10.4
759956,8.15
762069,16.3
763776,27.9
765508,7.9
766392,13.5
767545,7.5
768039,8.6
770993,16.3
771947,6.7
772338,5.5
772624,36.87
775431,3.5
775773,14.7
776754,7.1
777268,6.7
777769,24.3
781530,26.3
785135,7.9
785847,9.1
786507,10.3
788097,15.6
790295,9.96
793762,4.7
794077,5.1
794827,4.7
798768,10.75
799507,6
800623,7.8
801340,6.48
802733,23.57
804575,8.2
805713,6.2
806807,7.4
808728,7.4
809372,17.04
810492,7.13
812199,6.2
812652,14.6
814795,12.6
816420,7.8
817013,9
818533,28.6
824496,44.6
827377,15
828461,11.8
829029,9.2
830205,17
832021,8.6
832805,5.4
833269,6.2
834157,9
835092,5.8
836303,9.8
837198,21.39
839047,6.4
839429,7.4
840040,14
841300,45.5
845101,33.08
846478,6.6
849403,9.5
850189,14.76
851395,15.9
853046,7.08
853657,12.3
855670,7.4
856293,5.4
856720,5.5
857225,6.7
857653,5.5
858508,15.3
859959,8.3
860681,10.37
862994,16.7
864363,22.1
866831,7.1
867242,7.56
869672,9.9
870604,4.7
870986,11.38
872480,5.9
872839,19.56
877356,7.5
878699,50.07
888188,57.58
890413,6.6
890933,10.6
891885,7.4
892421,5
892714,6.6
893381,5
893881,12.72
895799,8.05
896451,8.2
896972,7.6
897651,13.68
899620,8.6
900425,7.13
900871,6.2
901518,5.4
901977,9.4
902774,12.19
903825,11
904539,13.4
910158,23.4
912731,33
914886,19.4
916418,4.2
916842,7.8
917884,7.8
918552,5.8
919303,12.2
921161,5.4
922484,5.4
922887,5.75
923384,7.4
924049,5.8
924686,12
925605,5.4
926166,7.4
926764,6.2
927294,7
927871,4.2
928240,50.07
932126,36.2
936285,25.9
938357,19.08
939863,11.4
941292,6.3
942069,11.3
943909,9.1
945235,15.1
949752,6.6
950449,5.1
950697,15.9
951968,24.59
955517,8.7
960485,20.3
971239,6.6
971696,5.4
972489,11.6
973943,6.6
974416,10.9
975336,8
975948,5.25
976489,6.55
976856,25.68
979008,6.2
979547,9.8
980396,6
980855,13.11
982198,17
985540,19.8
986891,16.2
989565,9
990641,10.6
991727,12.6
993442,5.8
995417,14.03
997287,17
998853,11.4
999896,5.4
1000903,18.6
1002714,7.4
1003466,4.6
1004101,11.6
1005038,7.59
1005963,6.8
1007262,8.4
1007769,6.8
1009184,4.8
1009425,7.6
1009939,6.8
1010333,12.4
1011203,19.78
1012776,11.04
1013354,11.2
1014223,7.6
1015094,14
1016373,8.4
1018388,10.08
1018993,6
1019558,9.5
1021715,9.55
1022565,11.1
1023712,9.1
1024202,8.3
1024769,20.3
1027620,7.1
1028002,5.5
1028248,7.5
1029108,6.3
1030102,12.3
1031154,17.64
1032519,9.9
1033537,8.3
1034235,5.86
1034750,7.1
1039056,7.5
1039525,9.7
1040864,10.3
1042157,9.5
1042680,5.5
1043038,12
1043627,11.84
1044162,17.67
1045488,11.5
1046511,16.7
1051640,5.1
1052325,9.5
1052940,15.72
1054272,20.04
1057443,6.6
1058511,9.2
1059419,6.6
1059970,8.6
1062698,85
1065841,6.96
1066276,8.88
1067329,13.11
1068488,13.2
1069689,12
1071114,6.2
1071880,5
1072584,12.6
1074065,13.68
1075195,22.8
1076666,16.2
1078657,4.6
1078946,11.4
1080271,9.8
1081273,7.6
1081858,4.6
1082536,6.6
1083529,13.4
1084786,5.4
1085735,12
1086858,6.6
1087706,8.6
1088719,5.8
1089240,13.8
1090783,16
1092160,12.8
1093417,10.58
1094245,5.6
1094527,4.8
1095375,9.6
1096033,7.2
1096485,15.18
1097819,6
1098326,16
1099865,7.6
1100287,7.6
1101049,10.08
1101882,12.8
1104858,11.4
1107826,16.7
1109946,28.4
1111171,8.16
1112675,9.1
1113788,8.7
1114346,11.1
1116314,7.5
1117485,9
1118150,8.52
1118629,8.7
1119359,28.2
1124158,5.1
1131434,28.37
1137339,18.12
1138911,5.9
1139608,68.6
1146128,8
1147175,5.2
1147505,14.6
1148515,5
1148870,27
1153030,8.6
1154345,12.2
1156623,14.6
1157826,19
1159697,20.2
1160882,20.2
1162132,8.4
1162816,9
1163921,7.8
1164687,17.52
1166160,14.1
1167096,9.89
1167821,16.2
1169821,15.41
1171488,7
1172975,17.8
1174336,5.8
1174891,18.17
1176348,16.79
1178154,5.5
1178652,6.4
1179180,13.8
1181798,6.4
1182154,9
1182832,6.8
1183336,7.2
1183901,18.72
1185525,14.88
1187597,14
1188644,7.2
1189207,9.6
1190161,16.8
1191669,14.88
1192997,9.2
1193845,4.3
1195662,7.5
1197011,5.1
1198029,10.92
1199221,5.1
1199489,10.92
1200163,8.62
1200754,15.5
1202109,13.9
1203349,6.7
1203803,10.92
1206532,6.6
1207064,9.1
1207928,3.5
1208157,7.7
1208690,12.7
1209930,18.28
1211661,7.1
1212057,3.9
1213782,9.96
1215107,7.1
1215557,11.84
1217415,14.7
1218650,11.1
1219454,4.7
1221104,19.56
1231408,5
1231951,7
1233369,6.4
1233753,8.6
1235527,11.28
1236410,5.8
1236890,9.75
1237732,5.8
1238496,5
1238911,5.4
1239367,11.76
1240602,11.4
1242863,11
1244192,5
1244588,7.8
1245686,8.51
1246446,4.2
1247353,12.6
1249193,15.4
1251440,9
1252318,10.75
1258081,5.4
1258749,11.27
1259786,8.2
1260714,11.4
1262078,6.21
1262601,9.4
1263852,5
1264567,5.8
1265449,7.6
1265965,9.2
1267180,7.6
1268431,10.4
1269406,6
1269712,6.8
1270132,9.4
1270645,10.8
1271487,7.2
1272160,11.5
1274222,11.2
1275319,6
1275629,7.2
1276011,9.6
1277128,20
1279197,7.5
1279796,12.36
1280540,8.3
1282060,14.6
1284848,11.9
1286551,15.72
1287912,5.9
1288524,15.5
1289855,18.3
1291280,8.3
1291861,16.7
1293140,19.9
1294338,10.7
1295465,8.62
1295920,9.1
1297667,12.7
1298580,14.3
1300107,7.1
1301182,6.3
1301598,13.1
1303111,5.7
1303547,4.7
1303761,16.2
1305434,8.7
1306144,9.1
1310527,11.1
1311316,19.1
1317481,29
1320056,5
1320503,5.4
1321407,6.21
1322151,13.2
1323592,15
1326795,6.2
1327546,5.8
1328287,11.4
1329055,7.8
1330253,7
1331771,11
1333059,5
1333441,9.8
1334247,14.8
1335183,5.8
1335673,5.4
1336153,7.4
1337017,12.1
1338100,8.6
1338700,6.4
1339248,3.4
1339407,9.4
1340593,4.2
1341031,5
1341381,5.8
1341935,5.4
1342644,6.2
1343543,5
1344020,5.4
1344824,11
1345739,12.6
1347002,9.84
1347806,18.6
1349290,5.4
1349646,6.6
1350209,7
1350927,6.2
1351332,6
1351986,19
1354026,5.75
1354789,6.2
1355368,8.2
1356437,6.2
1357113,7
1357816,3.8
1357959,5.4
1358296,7
1359116,14.9
1360510,11.4
1361325,14.95
1363745,7
1364343,9
1364936,11.4
1365830,7.5
1366513,12.3
1369127,11.9
1371193,4.7
1371440,11.5
1372724,6.3
1373628,8.7
1374522,9.5
1375399,9.5
1376059,5.9
1376426,7.9
1376915,5.1
1377265,14.7
1378595,11.5
1379668,9.5
1380439,15.06
1381483,12.3
1382422,16.7
1383480,7
1385440,22.3
1388724,13.32
1390064,9.1
1390774,17.5
1392903,21.5
1397972,14.3
1404584,14.6
1407373,11.76
1411116,4.2
1411307,6.2
1411999,5.5
1412944,29
1415041,16.56
1416368,9.8
1417900,15.2
1419709,4.2
1420211,10.2
1421159,10.4
1421924,9.4
1422681,26.91
1424884,10.8
1425538,7
1426165,10
1426859,7
1427401,15.87
1428931,10.2
1429504,13.4
1431020,3.8
1431295,7.8
1431980,15.6
1433405,7.1
1433993,5
1434406,8.6
1435102,5
1435439,11.8
1436775,5.4
1438112,8.6
1439138,13.4
1440386,6.2
1441062,9.36
1441843,7.8
1442496,5.4
1442913,9
1443708,4.6
1443938,5.8
1444429,4.6
1445072,10.6
1446118,24.2
1449132,26.97
1450288,6.6
1450830,5.4
1452643,9.5
1454277,7.1
1455393,9.08
1456391,6.32
1457003,8.5
1457769,6.3
1458360,5.9
1458739,17.5
1459967,9.5
1461385,30.3
1464207,4.3
1464571,9.9
1465795,13.1
1467089,7.1
1467558,9.9
1471587,12.3
1472673,10
1473163,16.3
1475122,10.3
1476146,18.3
1479478,4.3
1480426,6.7
1483154,42.6
1487195,10.92
1489762,9
1490453,4.2
1490628,5.29
1491223,4.6
1491836,7
1492738,10.8
1493662,7.4
1494148,6.3
1495928,6.2
1496533,6.6
1497272,5.29
1497927,6.6
1498517,15.8
1500060,9
1501626,11.4
1502682,6.6
1503908,10.6
1505318,8.4
1506007,11.27
1507439,11.4
1508843,4.6
1509097,6.2
1509569,6.67
1510151,14.6
1511783,5.4
1512456,10.6
1514554,3.8
1515355,21
1516842,7.44
1517559,7.4
1518321,12
1519936,5.8
1520296,6.2
1520895,14.25
1522915,5.8
1523884,6.8
1524311,8.8
1525384,8.4
1526682,5.6
1527268,8.8
1528129,16.8
1531086,7
1531573,16.4
1533409,6.4
1533855,10
1536090,11.04
1536869,17.48
1538025,24.5
1540509,9.1
1542272,21.96
1544426,18.3
1546590,15.24
1547780,6.7
1548385,16.7
1550557,14.3
1557068,11.5
1558405,3.9
1561208,7.56
1562207,6.3
1563302,5.1
1563566,9.9
1564664,36.3
1571440,13.5
1572868,13.5
1576867,4.6
1577235,9.8
1578285,13
1579096,9.4
1580115,11.27
1581103,8.6
1581836,5
1582140,5.85
1582532,5.4
1582946,6.6
1584234,4.2
1584517,7.8
1585343,9
1586672,12.6
1587626,14.6
1589490,7
1590282,12.2
1591738,9.43
1593728,10.6
1595210,4.6
1595630,20
1597663,20.6
1599322,11.8
1600998,8.5
1601594,6.6
1602224,7.44
1602982,7.4
1604299,6.6
1605511,40.6
1609124,5
1609845,7
1610584,9.2
1611428,11.6
1612445,5.2
1612724,8
1614200,14.88
1615275,18.5
1617329,13.4
1618622,10
1620458,5.6
1620781,8.8
1621141,7.6
1621641,7.4
1622163,5.6
1622361,7.6
1623242,15.6
1625006,8.7
1625422,11.4
1626137,8.7
1627925,5.1
1628395,19.08
1630291,7.24
1630813,12.3
1631717,7.9
1632169,17.5
1633754,15.1
1634790,4.7
1635578,13.1
1636767,17.1
1637853,11.9
1639253,13.5
1640367,9.1
1645664,17.64
1652422,9.08
1656149,7.3
1656390,4.3
1656839,27.27
1659343,14.3
1662575,7.8
1663186,5.8
1663661,5.75
1664259,19.4
1665394,6.6
1667866,9.2
1668773,14.49
1669877,60.08
1681210,50.07
1684000,8.4
1684900,5.4
1685526,9.43
1686443,9.36
1687426,8.2
1688794,5.8
1689282,8.05
1690260,8.88
1691115,7.92
1691694,10.2
1692722,9.4
1693547,9.8
1694675,9.6
1695308,11.27
1696298,6.6
1697577,12.96
1698847,6
1699230,5.6
1700085,6.44
1700388,14.4
1701553,6
1702375,11.04
1703089,7.6
1703740,12.8
1704952,11.6
1705824,14.8
1707198,12
1708439,10
1711057,9.87
1713913,10.7
1714731,20.6
1719608,36.36
1722233,22.07
1724659,11.7
1725495,6.78
1725991,44.7
1729701,19.1
1735617,12.5
1736825,33
1743291,33.2
1749603,9.8
1750652,6.67
1751199,3.4
1751904,5.5
1752182,12.24
1753366,9.89
1754175,5.4
1754642,5
1755289,14.2
1757072,12.48
1758402,5.6
1758840,8
1759627,15.4
1761273,5.4
1761999,11.76
1763249,7
1764287,6.2
1764880,8.6
1765448,8.2
1766402,16.33
1767981,7.4
1770781,8.2
1771412,9.41
1773742,11.8
1775159,6.48
1776047,3.4
1776497,9
1777385,6.6
1777882,6
1778398,8.6
1779180,8.6
1779851,12
1781729,11.25
1782670,8.97
1783432,7.2
1784351,10.4
1785743,9.6
1786965,13.5
1787800,9.2
1788593,6
1788805,8
1789559,5.6
1790107,10.8
1790989,11.4
1793182,11.5
1794124,14
1795153,7.2
1795550,8
1797128,5.6
1798824,6.7
1799814,5.9
1802458,7.7
1803017,13.5
1804072,5.9
1805072,22.16
1806378,13.9
1807595,26.07
1810113,5.5
1811533,9.96
1812294,6
1812784,6.7
1815493,15.24
1816914,5.9
1817775,6.3
1818739,9.9
1819358,9.9
1820585,16.3
1821946,11.1
1822843,16
1825137,16.44
1830702,10.1
1831796,20.3
1836484,60.08
1842759,45.5
1844284,50.07
1846630,17.25
1848029,12.6
1849576,6.6
1850210,10.81
1851483,11.4
1852921,11.8
1854190,6.48
1854665,6.6
1855340,7
1856713,8.2
1857637,8.6
1863467,12.2
1864502,11
1865612,9.8
1866640,10.6
1867778,6.6
1868770,4.6
1869421,4.6
1869753,10.58
1870928,7.6
1871478,7.82
1871913,5.6
1872181,7.6
1873227,8.28
1873837,8
1874304,16.85
1875705,18.4
1877519,8
1878386,14.72
1879452,8.4
1880133,8.8
1880690,23.2
1882280,16.4
1884547,11.1
1886968,6.3
1887428,14.1
1888527,17.5
1890320,8
1890939,11.38
1892088,6.78
1892782,23.1
1896218,31.82
1897568,9.5
1899071,11.5
1899807,5.1
1900016,4.7
1900745,8.7
1901385,9.5
1902520,11.5
1903873,14.3
1906582,7.5
1907214,6.32
1907653,15.5
1908998,10.44
1909954,7.9
1910589,8.3
1912737,7.56
1915562,19.9
1918284,8.3
1919023,14.3
1923071,13
1925430,6.21
1926206,20.93
1928591,26.77
1931393,9.4
1932284,5.75
1932980,8.6
1933687,5.4
1934061,6.2
1935546,5
1936284,17.4
1937845,19.8
1940407,5
1941204,14.95
1942702,27
1946441,6.2
1946928,9.8
1947926,18.2
1950395,5
1950660,5.4
1951380,7.8
1952250,6
1953579,12.4
1954940,11.27
1955691,9.4
1956527,11.4
1959625,5.4
1959883,11.4
1961085,7.4
1961657,14.64
1962689,8.6
1963457,9
1964393,7.8
1966136,7.8
1967123,6.48
1967512,8.2
1968651,25.8
1971381,9.1
1972423,12.7
1973406,17.82
1974743,7.24
1975042,11.38
1975854,12.7
1976902,8.3
1977519,9.9
1978469,5.1
1978706,7.5
1979306,11.1
1980328,11.9
1981421,13.1
1983313,8.3
1984401,13.9
1986104,7.24
1990486,11.1
1991109,6.7
1991458,9.1
1992140,16.1
1993500,15.37
1994471,10
1994904,7.1
1995576,5.9
1996071,30.3
1999202,5.1
1999544,8.3
2002998,9.5
2004918,19.9
2009197,18.2
2011134,3.4
2011895,9.43
2014901,17.4
2016434,5.8
2016909,7.4
2017367,3.8
2017893,7
2018527,7.4
2019510,6.96
2020782,5
2022123,12.2
2024107,4.2
2024534,8.2
2025304,10.8
2026402,16.8
2028207,16.56
2029584,9.4
2030713,5.4
2031181,10.2
2031984,10.25
2032850,4.83
2033102,11
2034199,13
2035538,11.8
2036745,12.6
2038013,9
2039091,9.4
2039940,9.4
2040689,5
2041174,8
2041779,6.2
2042150,6.6
2042804,7.44
2043323,4.2
2043557,5.75
2044329,9.43
2045660,10
2046333,8.51
2046988,10.6
2048038,15.6
2049635,5
2050042,9.8
2050822,11
2051709,9.4
2054466,5.8
2055509,8.6
2057949,10.92
2059228,7.5
2060036,13.8
2061454,7.1
2062320,5.16
2062571,4.7
2063243,10.44
2064010,10.1
2064931,11.38
2067896,6.7
2068255,21.04
2069508,9.1
2074171,9.54
2074839,11.9
2075988,4.7
2076477,5.5
2076975,6.3
2080394,9.5
2085406,13.1
2087700,33.2
2089572,15.5
2090632,26.87
2096832,7
2098504,10.35
2099644,8.4
2100320,3.8
2101019,5.6
2101385,17.25
2102856,8.6
2104245,14.2
2106421,7.8
2108819,3.8
2109046,6.6
2109732,5
2110736,9.25
2111793,6.6
2112559,8.2
2113684,8.97
2114418,5.75
2115768,5.8
2116272,7.8
2117408,8.8
2118157,6.2
2119898,6.6
2120587,9
2121460,6.4
2121974,10.2
2122976,15
2124674,8.4
2125495,7.4
2126251,5.8
2129225,7.2
2129617,9.2
2130219,9.2
2130791,11.4
2131292,8
2131854,9.6
2132546,5.6
2132767,6.6
2133241,7.6
2133700,6.8
2134268,8
2134694,7.2
2135128,8.8
2135700,14
2136878,26.22
2138974,6
2140343,8
2140856,9.12
2142399,10.6
2143198,7.5
2145698,5.86
2146294,5.1
2146769,6.7
2149275,10
2150069,5.1
2152831,14.7
2154225,11.9
2155302,5.9
2155856,9.08
2156631,5.5
2157351,5.9
2157902,8
2167223,5.1
2174980,7.1
2175618,29.16
2178367,10.7
2182998,5.4
2183428,3.4
2183765,11.27
2185152,5
2185571,6.6
2187035,16.79
2188728,8.2
2189808,9.6
2190686,6.96
2191500,12.8
2192686,9.2
2193496,11
2194711,4.2
2195105,7.8
2196242,5.6
2196618,9.4
2197969,5.8
2198628,7.4
2199315,6.6
2200278,4.6
2202023,12.9
2203200,7.59
2204118,6.2
2204665,6.2
2205472,10.2
2206677,10.2
2207819,13.8
2209197,14.5
2210416,45.31
2215859,6.4
2216334,5.2
2216584,10.4
2217619,8.7
2218684,9.6
2219787,10.2
2220419,12.88
2221515,12.42
2222444,19.2
2224034,14.4
2225167,7.6
2225733,9.6
2227563,15.18
2229075,9.6
2229906,7.1
2231770,3.9
2232647,16.3
2233947,10.1
2234658,19.7
2236307,11.1
2237024,6.7
2237720,8.7
2239598,26.3
2242809,10.44
2267828,21.28
2270393,5.29
2270748,9.36
2271925,6.6
2272566,6.6
2273266,7.8
2273893,20.2
2276310,3.8
2276462,11.8
2277922,16.8
2280141,7
2280803,11.76
2281640,17.4
2284259,20.6
2286652,57.58
2292771,38.14
2294965,9
2295954,19.92
2297045,60.08
2304322,7.2
2305443,9.6
2306027,8.16
2306742,23
2308416,9
2308957,12.6
2309790,12.4
2316632,5.5
2320088,3.9
2320183,15
2321561,8.62
2322268,12.3
2323296,16.3
2324726,8.7
2325471,31.1
2337412,25.1
2352836,3
2352893,3
2353949,3
2353984,3
2354687,3
2362954,3
2364703,8.2
2366546,3
2369651,3.4
2369737,3
2369778,3
2371219,6.96
2372115,8.6
2373405,8.6
2374555,10.2
2375691,10.6
2376800,4.6
2377344,12.6
2378753,5.8
2380068,5.4
2380540,4.2
2380863,20.75
2382136,19
2383835,11
2384822,9.36
2385553,12.72
2386729,9.5
2387606,12.5
2389073,17.5
2391086,6.4
2391464,15.6
2392871,4.8
2393080,8.4
2393787,10.4
2394858,11.4
2396058,7.6
2396516,9.6
2397138,7.82
2397497,13.2
2402913,8.16
2403509,7.5
2404231,15.3
2405659,12.76
2406686,5.5
2407620,4.7
2407857,3.9
2408113,10.7
2409373,5.5
2409680,12.7
2411158,21.5
2412493,12.76
2413448,15.72
2414386,13.22
2415174,10.3
2415918,7.9
2416474,8.3
2418195,5.1
2418509,7.5
2419968,19.5
2421748,8.62
2425136,4.3
2428860,4.94
2429309,9.5
2431580,9.54
2441260,50.07
2444237,9.43
2445101,10.2
2446718,11.45
2447739,5.8
2448102,4.6
2448330,7
2448898,14.16
2449959,5.4
2450277,4.6
2450620,12.2
2451888,16.2
2454579,5
2454935,10.5
2455774,4.6
2455989,5.8
2457000,10.8
2458335,6.2
2459030,4.6
2459383,6.55
2460042,8.4
2460625,7.8
2461343,13.8
2469342,5
2469739,16.56
2472075,11.27
2473087,6.75
2473495,7.44
2474255,5.2
2475036,7.6
2475595,6.8
2475964,12.4
2476848,7.5
2477122,7.68
2478145,12.8
2479393,7.6
2479930,6.8
2480384,7.6
2480923,6.4
2485634,10.4
2486661,9.6
2489254,7.5
2489812,9.5
2490713,6.7
2491289,17.64
2492340,19.66
2493175,5.9
2493536,25.9
2497166,10.44
2497826,11.1
2504325,33.5
2509312,6.7
2509726,11.9
2511529,9.1
2512794,4.7
2513158,4.7
2513623,8.52
2514356,7.7
2514861,14.7
2516763,17.9
2518649,9.1
2522295,6.7
2524088,5.9
2527266,10.6
2528004,5
2531906,10
2532666,5
2533128,3.4
2534686,11
2536272,6.6
2537036,5.4
2537580,8.97
2539022,4.2
2539408,7.92
2540661,11.4
2541889,12.24
2543036,6.2
2543799,4.37
2544924,6.21
2545748,12.2
2547183,18
2548559,9.43
2549525,10.6
2550414,9.2
2551367,9
2552158,10.2
2553649,6.2
2554124,7
2554609,4.37
2554872,9
2555757,9
2556411,15.41
2557687,12
2559050,11.8
2560909,9.8
2561598,6.21
2561968,6.6
2562552,19.92
2564465,5.75
2564671,9
2565573,12.19
2566462,14.64
2567710,7.4
2568321,14.5
2569643,6.2
2571627,4.6
2571893,14.6
2574376,13.4
2575564,5.5
2575832,7.9
2576307,7.24
2576958,11.1
2577934,6.78
2580182,14.14
2581691,6.7
2582188,5.9
2582515,13.9
2584484,10.7
2586354,11.1
2587491,7.5
2589485,13.9
2590853,15.52
2591900,7.9
2592528,7.1
2593089,4.7
2593480,10.7
2594168,17.5
2595715,8.7
2596360,11.1
2597487,6.7
2597993,6.7
2598924,9.5
2600055,5.5
2600521,3.9
2600652,8.7
2601828,8.7
2602876,6.7
2603299,5.9
2603791,7.9
2604653,6.7
2607407,9
2608626,10.3
2609677,6.3
2610281,9.4
2613270,16.6
2615519,6.6
2616902,5.4
2617546,7
2618200,7
2620222,6
2621185,23.17
2624243,8.8
2625306,54.6
2628775,4.2
2629110,12.2
2631099,6.6
2631701,12.6
2632451,9.84
2633273,13.4
2634390,30.75
2635933,8.97
2636541,7.8
2637247,10.6
2638065,14.6
2639658,7.8
2640292,5.75
2640855,10.2
2642017,7.4
2642642,5.4
2643091,11.4
2644034,5
2645577,11.8
2646805,4.6
2648554,6
2648988,5.4
2649409,7
2650638,7.4
2651384,5
2651646,9.8
2652706,11.4
2653421,5.2
2653649,4.6
2654126,8.6
2654865,5
2658942,34.8
2660747,12.2
2662019,7.08
2663816,11
2664588,4.7
2664898,17.3
2666871,9.8
2667568,6.5
2668334,9
2669111,7.1
2669942,13
2673633,7.9
2674271,7.1
2674924,16.37
2676184,8.7
2676823,8.62
2679142,5.5
2679610,4.7
2679832,11.88
2680560,14.3
2682236,24.7
2684482,14.3
2687126,23.1
2689946,5.5
2692636,15.9
2694480,38.5
2697450,12.2
2700235,8
2701077,7.4
2702124,5.8
2702640,9.8
2703352,10.6
2704263,3.8
2704693,8.6
2705475,7
2706092,5
2706445,9.4
2707894,9.89
2708722,5.8
2709634,5.4
2710228,6.2
2710967,6.2
2711685,8.2
2713293,13.8
2714945,9.6
2715806,15.87
2718162,7
2719106,15.8
2720848,9.8
2721736,15.4
2723283,12.19
2724103,5
2724699,5
2726032,11.4
2726966,8.2
2727809,6.6
2728426,14.6
2729986,15.4
2731400,6.2
2732087,5.4
2732442,13.45
2734081,5.8
2734431,7.8
2734796,6
2735552,5.2
2736133,6.8
2737239,11.52
2737876,34.97
2740840,25.77
2742213,11.2
2743282,7.6
2745165,12.7
2746128,4
2746512,9.6
2748366,7.9
2749051,7
2749601,7.08
2750029,8.3
2750679,7.9
2751202,7.1
2751697,7.9
2752548,11.4
2753703,16.7
2755184,10.1
2755651,11.1
2756416,9.9
2757336,12.3
2759011,9.7
2759594,6.32
2760234,22.37
2764422,13.68
2771938,9.5
2779189,11.37
2779820,8.62
2782205,8.7
2786059,12.19
2787079,9.4
2788601,5.75
2789202,15.4
2790497,16.4
2790679,6.8
2791076,11
2792467,14.16
2793465,11.8
2794783,10
2795489,5.29
2795893,13.4
2797715,9.8
2799390,5.75
2800134,7.2
2800784,8.2
2801897,15.6
2803199,24.15
2804459,23
2806455,12.2
2808790,13.68
2809988,8.6
2810702,10.6
2811764,10.32
2812854,3.8
2812992,6.2
2813688,5
2815080,7
2815800,6.6
2816432,7.8
2817699,5.8
2817865,7.13
2818501,8.4
2819123,7.44
2819606,6.6
2820385,4.2
2821310,7.8
2822192,5.4
2823237,12.72
2824328,8.5
2825443,3.4
2826250,4.6
2827054,6.6
2827591,5
2827885,6.21
2828254,7.13
2830110,12.72
2831114,13
2832247,9
2832963,8.97
2833624,5.75
2833924,5
2834406,9.9
2835182,5.5
2835829,12.7
2837128,8.3
2838873,7.3
2839532,7.9
2840222,4.3
2840370,5.1
2841605,10.44
2842241,7.9
2842956,4.3
2843161,8.3
2843694,21.1
2845781,11.5
2846585,20.9
2848255,5.16
2848636,5.5
2851223,11.4
2854524,11.5
2855525,12.3
2856579,8.3
2857398,13.9
2858830,8.7
2859999,6.1
2860914,17.9
2866849,7.5
2868555,54.6
2877017,27
2880894,50.07
2883897,7.6
2884595,11
2885819,18.96
2887397,6.2
2888050,10.6
2889018,8.2
2889957,7.13
2890636,7.4
2891579,8.05
2892581,5
2893152,10.35
2894642,5
2895047,8.88
2895939,9.4
2896912,13.8
2898364,11.4
2899512,4.6
2900409,11.4
2901528,9.43
2902309,8.4
2903222,21.84
2905601,12
2906614,10.58
2907210,10
2908061,6.8
2908381,6.4
2908944,4.4
2909064,4.8
2909870,6.8
2910430,8.8
2911302,21.6
2913642,11.96
2914591,10.12
2916420,17.48
2917808,10
2918282,11.2
2919317,7.2
2919901,7
2920441,5.6
2920704,11.4
2921411,11.3
2923627,7.1
2924092,18.28
2925598,15.1
2926977,5.5
2927588,12.36
2928747,6.5
2929097,13
2930435,11.1
2931760,5.5
2932312,13.22
2937007,9.08
2937842,4.3
2939420,15.1
2953364,8.1
2954222,8.3
2955279,15.9
2959114,14
2960072,6.6
2960551,4.2
2960818,8.8
2961779,12.2
2962606,7.59
2963411,5.8
2964242,9
2965262,5.4
2966031,5.8
2966455,10
2967420,4.6
2967812,7
2968578,5.4
2969128,11.27
2969975,6.6
2970527,12.2
2972552,7
2973308,7.8
2973982,7.8
2974826,30.97
2978781,14.64
2979755,5.8
2981092,47.8
2984294,33.77
2986939,40.28
2989292,7.6
2989649,11.8
2991409,14.2
2992410,7.4
2993081,4.8
2993837,9.6
2994618,6
2994937,7.8
2996403,5.2
2996585,10.8
2997423,6.72
2997770,7.2
2998215,9.2
2998967,8.74
2999529,17.28
3001967,10
3002750,17.6
3004616,7.6
3005228,16.4
3008597,7.9
3009269,9.5
3010075,14.7
3011116,7.1
3011594,13.1
3012731,17.64
3014551,35.08
3015786,11.9
3016777,11.1
3017449,5.4
3017626,7.5
3018141,7.24
3018558,13.2
3019685,5.9
3020484,15.7
3021954,7.1
3022193,21.27
3026881,5.1
3027433,7.9
3028800,15.9
3029887,13
3030886,8.1
3033884,7.5
3035322,6.3
3039093,15.5
3040461,52.4
3045755,5.1
3046270,8.6
3046906,10.8
3047659,8.2
3048535,4.6
3049481,17.25
3050787,15.4
3052172,8.6
3052899,6
3053373,12.19
3054565,5.4
3055247,6.25
3056216,9.89
3057332,9.75
3058011,11
3059745,15.57
3061612,17
3062703,8.2
3063555,6.8
3064020,19
3065281,10.6
3066434,8.6
3071529,4.2
3071834,4.6
3072506,5.8
3073046,23.3
3075195,8.6
3076038,10
3077176,10.6
3078072,6.2
3080107,10
3081053,7.2
3082759,8
3083511,8.74
3084106,8.8
3085705,12
3088850,8.8
3089635,8.16
3090245,17.2
3092227,10.4
3092958,6.4
3093248,8
3093582,10.46
3094206,9.5
3095108,7.5
3095598,12.1
3098443,9.48
3099571,5.1
3099839,7.1
3100411,16.2
3101874,12.7
3103822,7.9
3104467,5.1
3104759,6.3
3105287,7.1
3105839,12.3
3106607,8.3
3107648,11.9
3108476,11.9
3109310,20.7
3111008,9.1
3111828,9
3114206,8.3
3115727,5.3
3116007,15.9
3117272,8.7
3118556,13.1
3120330,14.3
3122359,23.5
3126282,9
3127121,7.9
3132409,14.49
3133963,8.97
3134502,5.4
3134939,8.1
3135981,5.4
3136625,5.2
3136811,6.2
3138154,7.8
3138728,6.6
3139156,18.63
3140724,8.6
3141331,6.2
3142632,17.4
3144713,14.49
3146344,5
3146858,11.4
3147525,12.6
3149096,7
3149860,7.8
3151158,9
3152209,7.4
3153245,4.6
3153583,5
3154446,7.8
3155160,10.2
3156176,17.4
3158388,13.68
3159575,7.4
3160364,9.4
3161707,4.2
3161899,8.2
3162676,7
3163255,18.96
3164968,7.4
3165530,5
3166055,10.2
3166883,7
3168340,5
3168886,6.67
3169321,15
3170698,5.8
3171348,6.2
3171752,10.6
3172740,5.8
3173359,5.04
3173625,19.8
3176471,5.4
3176880,6.2
3177393,6.6
3177834,7.8
3178241,19.6
3181025,5.1
3181246,5.5
3181675,6.7
3182703,7.1
3183370,11.1
3184040,9.5
3185428,17.64
3186470,27.3
3188080,8.7
3188808,16.3
3189724,11.1
3190370,11.9
3191369,21.96
3194305,23
3196029,7.1
3197208,13.9
3198088,30.87
3198797,6.7
3198901,13.5
3199549,4.7
3199947,5.5
3200138,10.7
3200218,10.3
3201082,11.1
3201245,15.9
3202462,8.52
3202902,7.1
3203254,4.3
3203579,7.9
3204182,7.3
3211450,7.1
3212324,12.7
3213150,7.5
3219661,12.2
3220521,8.2
3221271,6
3223625,7.8
3224781,25.2
3226230,15.8
3228205,6.2
3228934,9.36
3229459,7.8
3230292,16.33
3231608,5
3232114,11.73
3234062,8.2
3234674,8.97
3235230,11.73
3236065,7.4
3237062,10.2
3238115,5
3238630,6.21
3239203,9.8
3239940,11
3241100,26.8
3243296,9
3244021,7
3244876,6.2
3245421,8.6
3246069,13.8
3247299,8.6
3248069,5.8
3248460,20.6
3250358,11.8
3252092,4.6
3252384,4.2
3252565,10.6
3253665,7
3254476,6.6
3254932,5.4
3255620,13
3257843,8.8
3258011,8.4
3258659,5.75
3259088,3
3259211,5
3259581,8.4
3260169,5
3260366,17.7
3262431,20.75
3264104,28.8
3267026,26.17
3267931,6.3
3268194,7.9
3268877,11.5
3270237,6.5
3270765,7.9
3276173,9.9
3277653,9.1
3278208,10.92
3278805,12.21
3280187,7.9
3280869,8.37
3283664,8.16
3286934,8.7
3287953,4.3
3288696,5.1
3290151,13.32
3296799,7.5
3297555,5.9
3298918,14.3
3302155,6.7
3302653,25.57
3305640,8.88
3306260,7.8
3306759,27.97
3309186,45.08
3312005,8.2
3312807,3.4
3312889,8
3313498,10.6
3314563,13
3315604,8.51
3316373,14.2
3317783,11.8
3319069,10.6
3320334,7.4
3321774,19.09
3323023,7.8
3323880,4.6
3324188,10.25
3325243,9.89
3326350,4.2
3326801,8.6
3328037,4.2
3328390,9
3329300,13.11
3330422,9
3331318,10.32
3332355,8.6
3333911,16.8
3335253,7
3335624,9.8
3336668,9.43
3337600,9.4
3338798,7.4
3339334,4.8
3339648,9.2
3341978,11.6
3342918,7.36
3343416,6.5
3343643,10.8
3344384,6.4
3344788,5.2
3345081,6.8
3346658,6
3346916,7.4
3347499,6
3348056,6.4
3348606,12.2
3351429,10.7
3352127,7.6
3353191,5.9
3353573,9.1
3354802,8.3
3355513,6.7
3356834,12
3357658,7.5
3358355,7.4
3359190,8.3
3359819,10.92
3360813,6.7
3362391,18.1
3363729,9.48
3364823,15.1
3366824,10.7
3368882,7.9
3374590,6.3
3375438,13.1
3383146,27.27
3388543,7.9
3389052,6
3389355,4.75
3390693,11.8
3391592,7.4
3392479,6.96
3393755,5.4
3394605,11
3395969,4.6
3396325,11.4
3397464,6.6
3398128,8.05
3398999,34.52
3403953,34.97
3406105,24.72
3409245,8.4
3410351,11
3411987,16.33
3413405,9.8
3414900,7.68
3415449,7.8
3416120,7.4
3417274,10.6
3418567,5
3419332,7
3419725,50.07
3425357,7.2
3425827,10.4
3426724,4.8
3427004,6.72
3427295,4.8
3427568,6.8
3428285,6.8
3428562,8.4
3429148,9.6
3429705,10.08
3430544,15.5
3431765,7.2
3432194,7.6
3432793,10.4
3433674,14.8
3434829,7.6
3435383,14.4
3436391,21.2
3437905,8
3438273,16.56
3439489,18.6
3440867,6.3
3441487,20.04
3443187,20.04
3444763,10.7
3445714,45.1
3451895,6.7
3452808,13.68
3453735,15.06
3454561,15.1
3460871,7.7
3461401,8.37
3462531,12.1
3463192,23.34
3465580,9.1
3470112,14.7
3475791,19.8
3478165,21.36
3480465,8.97
3481794,17.04
3483671,5
3485162,8.05
3485809,5.4
3486125,21.8
3488944,8.05
3489524,6.4
3490358,7.4
3491071,15.57
3492834,8.4
3494432,6.2
3495283,13.4
3496195,3.8
3496529,8.88
3497595,7
3498224,6.2
3498718,6.2
3499691,7.4
3500355,13.8
3501836,12.2
3503189,12.2
3504499,13.57
3506062,13.11
3507111,20
3509057,13.4
3510235,6.2
3510787,11.76
3511701,5.6
3511962,9.6
3512640,7.6
3514565,11.2
3519683,11.4
3523178,9.6
3523762,7.2
3524515,11.4
3525112,4.8
3526402,7.1
3526894,10.3
3527718,21.96
3529234,5.5
3529542,9.9
3530419,9.1
3531129,18.6
3532458,10.7
3533186,23.8
3535914,11.5
3536777,18.3
3538894,7.1
3540067,7.5
3540436,8.7
3543306,18.7
3545605,6.9
3545940,9.5
3550560,22.42
3552802,4.7
3557329,8.1
3565153,32
3566999,10.6
3568497,8.4
3569708,7.6
3570447,4.6
3570702,12.72
3571989,8
3572886,4.6
3573768,9.7
3574656,6.2
3576143,8
3576828,8.2
3577601,19.44
3579425,8.2
3580688,7.4
3582395,7.92
3582950,8.6
3583473,10.2
3584739,50.07
3592067,50.5
3595542,13.8
3597393,9.8
3598260,5.4
3598671,7.8
3599003,8
3599253,7
3599890,4.75
3600434,6.6
3601020,12.2
3602559,9.8
3603483,15.12
3609608,13
3614248,10.5
3616598,9.08
3617809,9.08
3619592,7.5
3623083,13.68
3623859,11.1
3625802,11.38
3628205,8.7
3630081,7.1
3630452,12.3
3631657,4.7
3632766,5.1
3633913,15.9
3636310,7.5
3638282,6.3
3639002,30.9
3640789,6
3643920,27.5
3649921,6.6
3650423,10.2
3651934,9.89
3653354,15.87
3656093,9.84
3656730,9.2
3657397,4.2
3657626,9.43
3658187,7.6
3658671,9.43
3659985,5
3660669,12.6
3661932,7.13
3662549,7.4
3663380,10.6
3664235,9.43
3665097,11.73
3666209,6.8
3666731,9.84
3667782,9.6
3668523,13.2
3669499,3.8
3669681,5.4
3670055,14.25
3676646,9.2
3677521,10.8
3678506,7
3679226,12.6
3680523,6.6
3681116,3.8
3681352,19.4
3683344,15.8
3684571,10
3686019,5.6
3686305,7.2
3686786,6.4
3687830,12.88
3688738,6
3689087,6
3691178,9.6
3694206,5.2
3695764,20.5
3698842,4.3
3699058,11.88
3702084,9.3
3707819,9.1
3709327,11.84
3711282,12.7
3713657,6.7
3716183,5.9
3716639,7
3717004,9.1
3718396,9.9
3720418,6.7
3721307,5.5
3721948,8.7
3723428,12.3
3724890,11.5
3725864,19.5
3727855,6.9
3730499,11.5
3731620,43.58
3737194,8.2
3738985,5
3740682,9.6
3742107,5
3743438,12.2
3744616,7
3745674,6.2
3746737,10.6
3747797,14.6
3749456,8.2
3750451,9.25
3750917,10.81
3751890,5.4
3752246,24.77
3755983,7.13
3756399,29.4
3759906,10.6
3760833,8.6
3761639,6.6
3762159,14.6
3763835,12.75
3764981,5.4
3765546,7.4
3766439,11.4
3767748,16.6
3769591,11.6
3770753,7.4
3771252,6
3771577,7
3772588,7.8
3773027,5.75
3773327,5.52
3774006,6.6
3774477,12.8
3775373,6.2
3775977,8.2
3780184,4.6
3781135,6.4
3787363,14.28
3788626,10
3790518,7.56
3791043,11.38
3792193,12.3
3793278,5.5
3794273,6.3
3796009,17.9
3796367,6.3
3796902,11.1
3797798,7.9
3798405,7.9
3800375,6.7
3802112,5.9
3804186,10.9
3804778,7.24
3805272,10.44
3805816,11.5
3806762,18.7
3808670,5.9
3809073,8.7
3809773,7.5
3811372,8.3
3812266,13.9
3817925,15.9
3823817,3.4
3824822,13
3828171,7
3829053,10.81
3829996,8.05
3830920,6.2
3831367,7
3832234,5.8
3832859,7.2
3833336,10.81
3833990,5.4
3834564,5
3835631,8.6
3836488,5
3837832,16.2
3839366,9.36
3840175,6.2
3840637,19.55
3843345,3.8
3843634,8.97
3844263,6.6
3844730,10.32
3845203,9.75
3845637,5.4
3846039,19.09
3848279,21.2
3849960,7.8
3850747,9.8
3851832,5
3852215,6.6
3852887,7.4
3853447,4.83
3853714,21.8
3855429,22.25
3856913,6.2
3857267,4.6
3857532,5.8
3858381,7.4
3859010,7
3860254,6.6
3861729,11
3861800,11.2
3864014,9
3864894,9.36
3865483,8.88
3865980,8
3866497,11
3868846,7
3869434,11.2
3870385,4.6
3870684,4.6
3870955,12.5
3871781,4.7
3872005,5.9
3872328,8.16
3872780,12.2
3874401,23
3877686,6.3
3879706,10.08
3884123,13.5
3885172,14.6
3886534,7.56
3887686,5.1
3887970,11.5
3889504,9.5
3892128,5.5
3892945,6.3
3893497,15.98
3895071,8.3
3895610,14.3
3902569,5.9
3904601,12.7
3907766,7.59
3908208,5.6
3909199,5.4
3909756,21.8
3912103,14.6
3913059,7.8
3913827,5.8
3914611,8.8
3915487,8.8
3915813,9.4
3917195,12.2
3919013,5.2
3919187,6.6
3919880,4.6
3920395,9.8
3921408,6.6
3922166,9
3923027,7.8
3924045,7.44
3925891,5.8
3927434,4.6
3927753,13
3929374,12.6
3930775,7
3931517,7.92
3932204,10.6
3933753,5.52
3934166,15.4
3938748,7.4
3939526,5.8
3939952,12.2
3941235,9.6
3942005,7.8
3942690,6.6
3943517,6.8
3943914,8
3945141,7.6
3945558,5.55
3946092,6.8
3947030,10.8
3948080,9.6
3949437,15.6
3951819,10.12
3952339,8.4
3952969,8
3953632,6
3953927,16.8
3954901,26.4
3958412,17.82
3959411,5.1
3961127,34.87
3965668,7.5
3966369,9.5
3967244,11.9
3967974,8.3
3969228,7.9
3973340,14.7
3974678,11.9
3975671,5.9
3979654,13.9
3980546,14.3
3982800,7.3
3983735,10.44
3985061,18.7
3994776,15.87
3995920,12.5
3998363,12.2
4019998,3
4020220,3
4029139,3.4
4036195,12
4037093,12.8
4038740,8.16
4039184,11.8
4040225,10
4041069,7.6
4043838,4
4044047,9.54
4045097,9.7
4045632,7.9
4046273,8.3
4046957,14.14
4047907,8.3
4048571,17.82
4049640,13.5
4050968,15.37
4051968,12.36
4055659,8.7
4056265,17.9
4058513,9.3
4058936,9.1
4060682,11.5
4061710,35.9
4062067,6.3
4062405,10.3
4064757,13.1
4068329,6.7
4070096,12.3
4071907,10.87
4076113,21.1
4082441,33.6
4085453,5.4
4085739,8.51
4086606,7.4
4087509,7.4
4088078,8.2
4089166,19.8
4091451,16.2
4093643,11
4095211,4.2
4095689,6.2
4096207,11
4097293,7.8
4098234,5.4
4099136,6.6
4100229,10.2
4101185,7.4
4102031,9
4104218,27.8
4109355,25.4
4113625,31.4
4116558,7.6
4117167,8.8
4118024,7.8
4118479,6
4118800,6.4
4119635,8.74
4120083,7.6
4120637,12
4121722,13.8
4123237,11.2
4128269,10
4128328,10.4
4128418,4.4
4128509,10.4
4129231,4
4130230,4
4130286,8.47
4130408,8.47
4131401,14
4132704,6.7
4133327,7.5
4134173,7.5
4134881,3.9
4134998,5.9
4135352,8.52
4135823,14.3
4137164,9.8
4137763,11.1
4138994,8.52
4139459,8.7
4140019,17.1
4141251,7.5
4141749,7.56
4142170,4.7
4142762,13.1
4143677,7.24
4144403,14.3
4145305,6.87
4147727,6.3
4153250,8.3
4156355,7.5
4157257,8.3
4163085,6.7
4163441,6.7
4164064,45.5
4170885,32.6
4175295,50.07
4179001,3.8
4179166,8.05
4180032,5.4
4180399,11.76
4182538,5.4
4183127,6.96
4183874,7.4
4185165,19.55
4187095,9.4
4188079,52.32
4195209,43
4199310,15.41
4201012,12.2
4202552,5.6
4203170,6.44
4204460,6
4206880,21.6
4209179,4.8
4209536,7.6
4210068,35.57
4212637,37.92
4216173,11.6
4217121,8.7
4218596,6.3
4218994,4.7
4219464,7
4219836,10.7
4221015,14.3
4223250,7.4
4224063,9.6
4224736,6.7
4225119,12
4225826,10.7
4226656,22.3
4229297,7.5
4229985,6.6
4230271,7.1
4230847,5.5
4231145,13.9
4232257,13.1
4235062,12.3
4236003,5.1
4237010,7.5
4238035,20.52
4240588,7.37
4240953,5.1
4241358,11.1
4242080,6.3
4243024,17.9
4245084,23.5
4249685,7.9
4254215,10.32
4255727,9
4256627,6.9
4257445,11
4258354,12.65
4259191,9
4260102,14.64
4261409,13
4262907,6.6
4263521,9.4
4264412,9.8
4266178,4.6
4266459,7.4
4267922,13.4
4269716,9.8
4270761,8.25
4271567,9.36
4272659,9.6
4273339,9.6
4274624,4.2
4274862,14.2
4281891,4.6
4282447,4.6
4283085,7
4283723,7
4284219,6.6
4284710,5
4285266,8.2
4286254,9.4
4287050,7.4
4287813,10.2
4289504,6.4
4290406,8.4
4292547,26.17
4296370,9.6
4297014,9.2
4297538,6.8
4298020,11
4298691,7.6
4299070,7.2
4299595,11.04
4300162,6.8
4300740,4.8
4301322,7.6
4301745,8
4302280,6.4
4303437,7.7
4304448,10.46
4305270,5.1
4305460,5.1
4305809,5.1
4306125,10.7
4306982,11.1
4308492,5.9
4309744,12.3
4312616,19
4313753,10.1
4314453,9.1
4315218,6.7
4315715,5.64
4316081,9.5
4317281,15.72
4318115,19.08
4319251,7.1
4319911,6.3
4320375,9.1
4320889,6.3
4321325,7.9
4322496,3.9
4322740,8.7
4323918,5.9
4324237,7.1
4324749,7.5
4325324,5.9
4325780,10.3
4327018,5.5
4327273,5.5
4328408,7.1
4328998,13.1
4330779,9.5
4332000,8.7
4332784,7.3
4336344,20.3
4343381,60
4346147,7.4
4347255,14.2
4348777,3.4
4348912,10.6
4349875,6.2
4350782,5.4
4351459,7.8
4352455,5
4353093,6.6
4353891,7
4354354,11.2
4355648,6.48
4356187,6
4356829,9.4
4357778,5.4
4358279,7
4358887,6.96
4359529,4.2
4359913,6.6
4360994,5
4361279,17
4362093,12.6
4363272,11
4364758,8.2
4365845,5.8
4366369,9.4
4368838,15.8
4370786,9.8
4371802,7.4
4372429,7.8
4373385,8.6
4374228,10.2
4375412,7.8
4375936,5.8
4376568,3.4
4376773,9
4377568,9
4378732,5.4
4378970,7
4379633,7.92
4380064,14.2
4381511,12.6
4382745,5
4383248,6.2
4383863,7.59
4384609,8.6
4385643,3.8
4385784,6.21
4386304,6.2
4388462,6
4388843,7.8
4389682,16
4391114,8.7
4391785,8.5
4393340,7.1
4393834,7.9
4394308,14.7
4395257,6.3
4396116,13.5
4397098,20.3
4398698,14.7
4400030,18.12
4401479,7.1
4401958,15.72
4403038,17.9
4404851,13.1
4405682,25.5
4407858,21.7
4409144,14.3
4410219,3.5
4410383,7.5
4411255,12.7
4411989,16.7
4414106,5.5
4414465,16.3
4416132,11.5
4417460,7.5
4417931,11.9
4421698,13.1
4422889,9.5
4426056,19.6
4427254,13.8
4430645,16.79
4432216,5.52
4434736,19.4
4437368,5.8
4437959,7.1
4438488,4.2
4438930,8.6
4439683,8.2
4440435,8.75
4442250,9.43
4443016,12.6
4444539,7.8
4446304,16.56
4448427,10.2
4449514,10.6
4450788,7
4451292,60.08
4457775,48.5
4460584,7.6
4461136,3
4461523,11
4463681,6.2
4465331,8.6
4465972,4.6
4466247,6.2
4466793,5.4
4467292,50.07
4472408,12.65
4473029,5
4473296,7
4473735,6.6
4476184,11.1
4477012,8.37
4479246,6.32
4479629,10.5
4480725,7.55
4481820,7.1
4482961,9.9
4483753,6.3
4487970,5.9
4488559,11.5
4489491,9.5
4490150,11.9
4490932,5.5
4491164,8.6
4496317,13.32
4497554,5.1
4499331,19.56
4501107,4.7
4501534,7.08
4502383,11.38
4508830,26.47
4512303,10.35
4513364,4.6
4514471,7.6
4515117,8
4515817,13.4
4517069,10.2
4518986,26.1
4521117,14.49
4522521,30.77
4525780,23.57
4527354,14.2
4540640,26.77
4541895,10.2
4543167,12.72
4545079,9.8
4545998,12.2
4547414,8.8
4549389,12
4551938,17.2
4553594,4.8
4553754,14
4554880,7.6
4555539,15.5
4556929,10
4557667,6.8
4559845,4.8
4560107,12.05
4561693,7.2
4562022,4.8
4562211,19.8
4564495,9.48
4565412,11.1
4566969,17.82
4569192,19.9
4571092,9.1
4572143,5.1
4572537,5.1
4573442,8.37
4574071,5.1
4574448,15.4
4575446,39.7
4578728,11
4581729,9
4582285,9.5
4583306,17.1
4589015,13.5
4590770,14.7
4594977,29.16
4599439,8.2
4600434,7.4
4601278,8.2
4602402,7
4602967,10.8
4603924,10.81
4605040,18
4606644,12.6
4608215,19
4609994,13
4612284,7.44
4612982,6.2
4613695,10.2
4614665,5
4615718,9
4616951,7
4617676,16.6
4619119,13
4621081,7
4621870,11.8
4623331,9
4624034,12.2
4625336,7.8
4626126,12.2
4627315,8.2
4628270,5
4628519,8.4
4629167,7.13
4630176,10.6
4631342,11
4632535,6.2
4633277,7.8
4633860,5.8
4634606,6.4
4635094,10
4635689,6.8
4636196,6
4636599,6.8
4637819,13.2
4638688,17.6
4641037,13.6
4642061,8.4
4642697,8.3
4643167,6.4
4643526,15
4644865,9
4647955,15.6
4648932,11.1
4649771,15.5
4651005,17
4651942,6.3
4652429,7.5
4653049,5.9
4653734,28.86
4656181,6.3
4656811,7.5
4657585,7.1
4658273,7.7
4658673,7.1
4659387,19.5
4661465,21.48
4663718,10.46
4666536,5.1
4666969,10.7
4668258,5.1
4669919,11.9
4670887,7.5
4671908,14.3
4673259,7.1
4674286,10.3
4675530,8.5
4676550,7
4677033,14.5
4680804,5.5
4681399,32.27
4686621,6.48
4687497,6.4
4688787,11.76
4689685,7
4690762,8.2
4691580,9.84
4692379,8.6
4693489,6.6
4694198,17
4696057,8.6
4697144,7.05
4697660,10.2
4698576,13.4
4700112,8.05
4701172,27.17
4705947,27.8
4708635,9.4
4709785,7.59
4711937,9.4
4714020,9
4715166,13
4717056,9.3
4717839,10.8
4718795,4.6
4719371,10.6
4721384,9.2
4722794,7.2
4723237,6.4
4723573,5.6
4724423,13
4725734,4.8
4726390,16.32
4727490,11.6
4728492,23.2
4731110,8.16
4731671,8
4732254,8.8
4732943,9
4733519,6
4735643,6.7
4736055,17.5
4740053,12.9
4741187,9.9
4742251,7.1
4742853,7.5
4743411,7.9
4744022,25.5
4746345,17.5
4747314,13.9
4749128,35.9
4755805,4.3
4755973,6.37
4756552,9.5
4757335,7.9
4757817,4.7
4758087,5.9
4758848,5.9
4760258,9.1
4761246,11.38
4767006,10.92
4767854,52
4773575,7.8
4775428,17
4776926,9.36
4780694,17.75
4783382,6.6
4784020,6.6
4784959,14.6
4787524,8.2
4788668,5.4
4789664,18
4791111,8.2
4792385,11.4
4793492,5
4793908,14.6
4795752,6.2
4796238,5.8
4797243,36.6
4802832,6.6
4803572,6.6
4804335,21.4
4806201,15.6
4807337,6
4807890,5
4808850,9.36
4809776,7
4810714,5.4
4811018,5.75
4811445,12.8
4812736,4.6
4813260,5.29
4813545,5
4813865,6
4814113,5
4814873,5.8
4815230,7
4815717,9
4816315,8.88
4817146,17.25
4818150,8.2
4820301,6.2
4820977,18.2
4822609,8.7
4824675,5.1
4826277,5.9
4826648,6.7
4827277,6.3
4827629,8.7
4828237,11.9
4829045,6.7
4829826,5.9
4830365,7.1
4831243,8.1
4832586,18.3
4835431,7.1
4836090,9.9
4836778,16.7
4838211,6.7
4838826,10.3
4839654,9.9
4840866,15.9
4843468,5.1
4844532,9.5
4846140,9.9
4847451,5.1
4854756,4.7
4855043,5.9
4855703,6.7
4858146,18.2
4862410,7.8
4863898,11.76
4865192,15
4866498,16.1
4867830,8.4
4869808,7.7
4870808,15.5
4871746,17.1
4873291,10.81
4874276,4.83
4875482,8.2
4876291,14.03
4877696,3.8
4878281,8.6
4878792,7
4879540,8.6
4883688,9.89
4884310,10.2
4885100,5.8
4885937,3.8
4886425,9
4887535,7.4
4888560,14.6
4890777,7.92
4891643,5.8
4892223,7.44
4892805,5.8
4893324,9
4893942,7.6
4894842,5.2
4896459,6.4
4897523,5.6
4897915,5.2
4898088,6.8
4898418,8.8
4899239,8
4899723,5.6
4900193,8
4901072,9
4902564,14.88
4903620,8.4
4906749,13.6
4907855,14.14
4909469,5.5
4910254,4.94
4912711,5.5
4913606,8.9
4914198,8.62
4914938,7.1
4915570,19.5
4917488,7.9
4918265,8.3
4918947,17.1
4920116,7.5
4920742,5.9
4921185,7.5
4922208,9.5
4923427,6.7
4924417,6.3
4925063,14.3
4927844,16.3
4929427,13.22
4931635,17.1
4933243,12.3
4940029,22.7
4950761,11
4953907,11.76
4955088,4.2
4957940,6.6
4958605,8.6
4959640,28.6
4962459,4.6
4963296,5.75
4964573,13.8
4966113,12
4967277,12.19
4968592,5.4
4970195,12.6
4971430,7.4
4972209,5
4972603,8.6
4973487,16.2
4974397,12.2
4975866,5.8
4976670,10.2
4977699,5.8
4978336,15.25
4979722,10.8
4981706,7.59
4982181,11
4983640,5.4
4984010,7
4984618,7
4985119,16.6
4986591,4.2
4986915,8.8
4987534,5.5
4987749,16.2
4989136,16.6
4992137,25.99
4994926,11.4
4995684,8.7
4996557,4.7
4996817,6.3
4997809,11.9
4999183,8.7
5000700,6.3
5001558,9.7
5002119,9.5
5003427,13.9
5004473,15.24
5005804,27.1
5007415,6.7
5008247,25.5
5009408,11.38
5010625,12.7
5012014,9.5
5012620,8.62
5015313,6.7
5016214,8.04
5017157,7.5
5017717,10.3
5018637,7.5
5019403,6.7
5019815,14.3
5020759,13.7
5021464,10.3
5022436,10.7
5023720,3.5
5026336,5.5
5026753,5.5
5027272,15.5
5030863,7
5031450,6.4
5032475,6.6
5034375,24.6
5036806,9
5039258,5
5039663,13.11
5042734,6.6
5043906,8
5044821,7.8
5046878,8.6
5048129,8.6
5050292,8.6
5051320,17.8
5052527,6.21
5053213,9.8
5054516,7.8
5055547,4.6
5056279,5.8
5056848,8.2
5057668,9.75
5058878,5.8
5060032,6.48
5060700,6.2
5062740,12.72
5063569,8.8
5064962,9.4
5066364,5
5066637,6.67
5067370,9.75
5068474,7
5069107,6.21
5070230,7.6
5070908,8.2
5071661,6.6
5072186,11
5073174,10.35
5073953,8
5074879,8.2
5075632,4.6
5076484,7
5077619,5
5077975,8.6
5078779,5
5079291,7.8
5080047,19.09
5083315,10.7
5084937,8.7
5085732,9.3
5086466,7.5
5087593,13.9
5090786,29.52
5094157,8.1
5095082,6.78
5095694,8.87
5096346,10.3
5097037,17.5
5098357,20.5
5100134,8.7
5103049,8.1
5103430,5.5
5103960,11.1
5107176,9.1
5108291,6.3
5111884,31.7
5115151,10.37
5118765,8.2
5119434,4.2
5119707,5.52
5120319,9
5122126,6.4
5122890,5.8
5123272,4.2
5123536,7
5123973,5.4
5124720,5.4
5125063,5.52
5125429,5.4
5125875,5.29
5126201,7.4
5126954,18.25
5128839,8
5129643,5.29
5129889,8.88
5130596,6
5131033,7.13
5131818,5.4
5132344,7
5133754,8.97
5137015,12.72
5138366,4.6
5139193,3.8
5139419,6.2
5140052,9
5140875,8.6
5141571,5
5141898,11
5143396,6.2
5144629,4.2
5145006,7.4
5145858,12.2
5147271,10.2
5148123,7.13
5149940,8.2
5150656,15.8
5153004,10.58
5153679,7.6
5154330,8.8
5156286,10.3
5157246,7.82
5157818,8.4
5158367,7.6
5158802,12
5159891,11.96
5160677,9.66
5161310,14.4
5163056,17.6
5164986,10
5165883,13.6
5167215,6.32
5167578,4.7
5169114,15.9
5170544,7.1
5171481,8.87
5172194,12.76
5173079,26.3
5175131,10.3
5176170,7.9
5178956,14.6
5179954,21.37
5181614,9.54
5185098,10.87
5185684,7.9
5186631,25.9
5189259,25.1
5191776,8.04
5196234,17.64
5199779,17.9
5204924,7.59
5205383,5.29
5205970,12.2
5206932,7.59
5207745,6.2
5208333,7.44
5209260,5.75
5210144,8.97
5210884,9.89
5211693,9.4
5212716,11
5214030,12.2
5216234,9.8
5217168,8.2
5218023,12.72
5219423,15.12
5221135,7.59
5222304,6.2
5223718,5
5228186,17.8
5230373,11.27
5231443,9.8
5234354,5.8
5234856,5.4
5235278,8.97
5235959,7.8
5236662,17.8
5238459,7
5239301,8
5241345,6.24
5242028,6.9
5242286,9.6
5242798,20.24
5244662,5.2
5245789,5.2
5245995,21.12
5248100,8.4
5249211,10.4
5250177,8.8
5251485,9.6
5252457,7.2
5252946,6.9
5254662,14.9
5256797,6.7
5257255,6.7
5257799,5.86
5258098,15.98
5259647,31.5
5261247,15.5
5262679,6.37
5263508,6.3
5264771,19.1
5267378,8.62
5267930,8.5
5270951,5.1
5271802,6.3
5273103,9.1
5275515,6.37
5276773,27.9
5279634,7.5
5281187,11.5
5285780,35.6
5291304,7.4
5292122,5
5292896,4.6
5293376,8.4
5294345,8.5
5295162,5.4
5295794,6.2
5296311,12.24
5297297,9.6
5298059,9
5298865,13.8
5300414,21
5303428,9
5304240,13
5305646,7
5306321,6.96
5306797,11.27
5307859,9.8
5309050,9.6
5310008,12.24
5311038,7.8
5311907,12.2
5313209,14.16
5314557,17
5316615,11.4
5317513,6.2
5320655,7.8
5321498,4.2
5321831,7
5322469,7.2
5323110,8.6
5323976,14.03
5326132,6.8
5327491,7.36
5329302,5.6
5329530,7.2
5330134,14
5331443,6.4
5331914,7
5332179,4.8
5332860,9.6
5333413,7.2
5333998,16.8
5335340,5.6
5335706,14
5336629,8.8
5337238,6.8
5337591,11.6
5338402,11.2
5339860,9
5340329,7.08
5342653,5.1
5343097,13.8
5343947,6.32
5344390,4.3
5345071,7.3
5346147,6.3
5346559,21.1
5348183,9.3
5348950,10.3
5349934,4.7
5350280,5.5
5350572,6.3
5351137,15.24
5352111,13.1
5354809,16.3
5356782,6.1
5358161,15.5
5359585,5.1
5365671,4.7
5367154,3.9
5367499,11.9
5371583,35.12
5374235,8.7
5377726,5.6
5377941,13.68
5378849,5
5379219,5.4
5379954,16.2
5381434,12.2
5383363,11
5384362,9.8
5385139,8.6
5386028,15.25
5387468,14.95
5389233,12.72
5390489,20.2
5391845,24.2
5394675,5.8
5395527,6.6
5396190,11.3
5396984,12.2
5398490,4.37
5398666,6.2
5399102,5.4
5399702,9.4
5400877,15.4
5402169,32.88
5404575,9.89
5407332,9.2
5408161,12.75
5409158,5.4
5409525,10.35
5410349,8.6
5411146,8.6
5412458,9.6
5415499,6
5415926,6.4
5416257,6.4
5416715,19.2
5418429,8.4
5419216,15.2
5420528,7.6
5421017,14.8
5422117,10
5423196,9.2
5425593,13.6
5426236,6.3
5426648,19.9
5428737,17.9
5430442,5.5
5430663,12.3
5431681,6.6
5432042,6.7
5432505,14.14
5434573,7.9
5435375,8.62
5435718,12.3
5437162,12.36
5438152,8.7
5438929,7.9
5439472,10.7
5440295,21.5
5442936,12.84
5446415,20.12
5448756,18.28
5449889,11.1
5450880,6.7
5453600,15.1
5455123,8.3
5457958,7.9
5459347,9.5
5459976,37.52
5464484,12.5
5466326,10.4
5467894,12.65
5468963,5
5470142,24.15
5472350,9.89
5473191,6.21
5474480,9.7
5475766,7.8
5476491,12.2
5477871,4.6
5478378,13.57
5480101,7.4
5480944,12.2
5482053,13.4
5483362,6.96
5483799,9.3
5484651,7
5489492,9.2
5490218,5
5490714,23.76
5492921,9.4
5493885,8.6
5494527,3.8
5494681,16.4
5496219,11
5497577,12.6
5499436,6.4
5500259,7.2
5502037,10.4
5502641,10.2
5503448,14.2
5504566,12
5505712,8.8
5506376,8.8
5507150,6
5507468,16.8
5509301,8.8
5509962,23.6
5512487,7.4
5514502,9.9
5515876,11.7
5516905,8.7
5517544,10.3
5518231,7.9
5518748,6.7
5519132,11.1
5519868,10.2
5520618,10.7
5521528,6.7
5521976,7.24
5523169,13.9
5524148,15.24
5524998,9.9
5525926,18.12
5527192,22.3
5529327,19.9
5532158,5.1
5532444,9.1
5533831,19.9
5537775,5.1
5537968,7.9
5538752,7.1
5539800,9.9
5544494,19.5
5545739,8.62
5546132,60.08
5550310,3.8
5552310,4.6
5553688,6
5554008,6.2
5557758,5.4
5558403,54.6
5561828,5.6
5562459,11
5563530,4.2
5564634,10.6
5565519,4.6
5566314,4.2
5566678,7.2
5567292,13.8
5568379,5.8
5569345,7
5569975,14
5571572,5
5571882,4.6
5572225,7
5573000,16.56
5574606,12
5575524,10.2
5576899,9.8
5577953,7.4
5578812,6.6
5579613,6.2
5580292,9.4
5585247,9
5586128,4.2
5586464,6.2
5586923,5
5587357,5.8
5588015,3.8
5588721,10.6
5589547,5
5589826,5.4
5590347,4.6
5590702,7.8
5591264,5.8
5591839,7.8
5592606,4.2
5592899,10.35
5593679,7.59
5594202,8.8
5595104,6.96
5595487,5.4
5596021,5.8
5596532,5
5596783,15.4
5598554,13.2
5599664,10.3
5600550,8.3
5601366,10.3
5602847,6.5
5603517,7.9
5604450,26.3
5607096,9.9
5607721,15.1
5609011,5.5
5609395,4.3
5609729,5.5
5610068,7.1
5611760,10.46
5612318,9.5
5613308,7.1
5613672,14.3
5614900,9.1
5616013,7.9
5616808,8.3
5617559,13.5
5618767,5.1
5619258,9.1
5620078,4.7
5620632,12.87
5621961,6.3
5622345,5.5
5622657,8.3
5623170,15.9
5624557,6.3
5625113,14.28
5625972,13.1
5627396,13.1
5631528,13.32
5633071,6.7
5635675,14.2
5637252,9.4
5638159,6.6
5638673,5.4
5639869,10
5641728,6.8
5642234,26.37
5644114,5.4
5645585,5.4
5646741,10
5647356,13.68
5648381,7.4
5649450,6
5650027,7.8
5650730,7.8
5652061,5
5652954,6.6
5654685,9.8
5655571,11.76
5656498,13.8
5658013,10.6
5659311,16.6
5660663,10.6
5661771,14.2
5663238,11.2
5664420,12.8
5665967,10.6
5666977,5.6
5667302,21.7
5669328,4.83
5669778,11
5670881,7.6
5671413,6
5671822,7.7
5672794,5.4
5673145,5
5673610,4.2
5673931,4.6
5674889,12.4
5676091,11.4
5677453,14
5678765,7.44
5679340,5.8
5679747,54.6
5684647,14.6
5686134,24.7
5688006,7.1
5690154,7.7
5690660,5.9
5691161,8.9
5691967,19.1
5693129,10.7
5693869,9.9
5694861,10.7
5696018,12.7
5697043,10.7
5697894,10.92
5698648,8.16
5699390,12.3
5708614,9.08
5709243,18.74
5712985,6.3
5713384,5.1
5713828,5.9
5717394,9.3
5718058,9
5718748,6.3
5722866,9
5723782,8.75
5724908,12.8
5726342,12.4
5727334,5
5727817,19.8
5730663,7
5731419,5.8
5731878,17.25
5733423,10.8
5734519,8.05
5735030,12.25
5736217,18
5737653,8.05
5738439,7.2
5739386,9.6
5740280,5.8
5740649,8.6
5741378,11
5742886,6.2
5743522,5.8
5744540,9.4
5745572,5.8
5746209,6.6
5746714,11.27
5747676,7
5748527,8.51
5749415,7.8
5750285,8.2
5751019,11.76
5752520,10.2
5753416,8.6
5754178,6.6
5754795,6.6
5755272,4.6
5755595,4.6
5755936,11
5757225,12.24
5759044,10.08
5759654,7.6
5761108,7.2
5761712,8.8
5762715,5.2
5763254,5.8
5763651,5.6
5763903,7.6
5764578,11.04
5765635,25.77
5767919,7.2
5768442,6.8
5768788,16.4
5770858,35.2
5773811,4.3
5773936,18.28
5775083,12.3
5776191,8.7
5777747,11.1
5778913,19.2
5779927,15.06
5780668,7.1
5781438,4.3
5781639,9.5
5782270,26.37
5783855,9.5
5784765,8.7
5785253,9.9
5789314,12.1
5790659,9.5
5793505,27.1
5797197,18.7
5799914,5.5
5804621,9.08
5805384,12.84
5810396,5
5811343,7
5812044,6.6
5812863,8.2
5813509,15
5814570,6.2
5815639,15.12
5817196,19.09
5818968,7
5819913,5.8
5820666,12
5821453,13.11
5822718,14.16
5824065,10.81
5825038,8.2
5825702,16.79
5827557,6.2
5828628,6.6
5829393,24.6
5831391,21.36
5835748,8.05
5836936,12.72
5838197,6.48
5838639,15.8
5840563,12.6
5841969,15
5843867,13.34
5845017,6.8
5846202,6
5847482,10
5848270,9.6
5848937,9
5849599,11.9
5850410,7.2
5850917,9.2
5851740,10.8
5852614,14.88
5853978,10.8
5855149,11.2
5856206,12.4
5857096,14.4
5858238,5.1
5858523,8.52
5858975,5.1
5859471,8.7
5860323,11.1
5861785,75.09
5866565,17.1
5868432,30.07
5869867,16.87
5874432,8.7
5875091,5.9
5876020,7.1
5877005,5.1
5877762,7.5
5879825,34.44
5882477,12.3
5884006,17.5
5892265,12.3
5892882,8.04
5895088,7.4
5896313,4.2
5896809,6.6
5898394,8.05
5898838,9.89
5899683,6.2
5900122,8
5901122,22.31
5902583,24.61
5904550,5.8
5905074,13.11
5906217,9.84
5907038,22.8
5908374,7.8
5909460,6.21
5909898,5.8
5910725,8.88
5911451,6
5911986,7.44
5912745,7.8
5914584,11
5915615,7.4
5916192,13.4
5917360,11.4
5918643,12.2
5920194,12.72
5921526,5.8
5921910,4.6
5922965,19.8
5924750,6.2
5925702,11.28
5927734,16.2
5929446,12.4
5930785,6.8
5931155,9.6
5931935,8.16
5932387,8.8
5933899,14.4
5935051,8.4
5935720,9.2
5936232,8.4
5936877,16.4
5938607,10.4
5939788,13.2
5941784,14.72
5943267,10.2
5945232,7.1
5945743,29.16
5948241,7.24
5948993,9.48
5949438,7
5951156,7.5
5951942,8.7
5952484,12.36
5953454,9.9
5954224,9.9
5954924,9.54
5955548,10.92
5956196,14.3
5958076,6.7
5958774,8.9
5960347,10.3
5961621,10
5962855,13.1
5967456,11.5
5968254,6.7
5969085,3.9
5970946,5.9
5972507,12.3
5977554,50.07
5985011,57.58
5989116,8.2
5990363,4.83
5990635,7.13
5991902,10.2
5992838,5.4
5993282,13
5994803,12.65
5996314,6.48
5997486,24.25
6000025,34.2
6002573,8.05
6004289,10.35
6005008,28.57
6006776,23
6008484,11
6009276,10.8
6010309,7.8
6011709,9
6012579,11
6013967,7.2
6015054,14.49
6016006,11
6017447,7.6
6018329,7.4
6018635,5.2
6020477,8.8
6021080,8.8
6021839,16
6023236,10
6024146,4.4
6024343,6
6024679,13.44
6025586,11.2
6026615,10.2
6027446,13.6
6028688,6.8
6029223,6.8
6029684,10.56
6030703,5.2
6031558,8.1
6032036,4.7
6032274,24.37
6033960,14.3
6034955,5.9
6035299,10.7
6036139,39.5
6038802,27.9
6040153,8.7
6040810,7.1
6041273,7.5
6041883,13.22
6043100,7.5
6043605,5.64
6044262,9.1
6044802,31.5
6051292,3.9
6051688,14.76
6054112,5.87
6054370,10
6055277,14.14
6062986,15.5
6065206,7.5
6068738,10.2
6069787,11.27
6070483,7.25
6071203,52.7
6074569,8.88
6075114,20.6
6076977,9.2
6077716,10.5
6078730,4.6
6081210,9.4
6082261,6.2
6082903,9.36
6083575,10.6
6084663,9.4
6085896,4.6
6086154,7
6086706,18.17
6088478,9.4
6089108,3.8
6089235,5
6093542,5
6093847,13.2
6094923,10.2
6095787,5
6096234,30.96
6098569,11.4
6099764,12.24
6100760,16.2
6102252,10.2
6103469,12
6104708,11.2
6107239,16
6108805,8
6109245,7.2
6109709,8
6110088,11.2
6110668,26
6112943,8.8
6113644,9.2
6114499,8
6115120,7.2
6115547,10
6116347,61.2
6119661,11.5
6120772,4.7
6121401,14.3
6122556,8.3
6124374,7.5
6124994,5.5
6125414,11.9
6126565,15.9
6128319,8.7
6129120,7.1
6129591,8.3
6130235,5.1
6130455,16.7
6131718,21.5
6134334,14.7
6135676,11.9
6137014,12.3
6138102,6.7
6139118,24.47
6147007,57.58
6149524,34.7
6156464,7.13
6157544,9
6159903,34.73
6163257,9
6164848,9.84
6165546,29.97
6168273,10.8
6169583,11
6170821,5.8
6171348,4.2
6171611,13.68
6172602,11
6173972,7.8
6174742,5.8
6175935,8.2
6176583,9
6177439,5.8
6177951,7.4
6178676,7.59
6179292,19.25
6180960,19.09
6182042,11.8
6183533,7.4
6184185,9.4
6185217,8.6
6186278,6.2
6186715,13.8
6188291,8.2
6189367,9.4
6190133,17
6191862,7.8
6193700,19.4
6195689,6.2
6196176,9
6197208,7
6197686,18
6199486,15.6
6201002,6.6
6201615,4.6
6201951,12.6
6203405,14.2
6204118,21.96
6205396,13.1
6206384,5.9
6206853,10.3
6208644,26.1
6210484,9.08
6211326,4.7
6211772,8.1
6212363,10.1
6213344,7.5
6213956,24.36
6215805,14.14
6216720,9.5
6217351,8.3
6218004,5.1
6218214,11.1
6219500,12.3
6220439,5.1
6220766,11.9
6221853,6.78
6222166,6.7
6223073,5.9
6223406,11.84
6224285,13.1
6225672,5.9
6226035,5.5
6228647,9.08
6229244,18.3
6231527,7.9
6232055,5.1
6234894,7.5
6235474,10
6236579,7.5
6238589,27.67
6242545,7.7
6243746,30.32
6244794,7
6246203,8.6
6248014,5.29
6248328,9.36
6248912,4.6
6249735,8.6
6250548,9.8
6251759,5.8
6252750,5.8
6253645,11.4
6255494,7.4
6256238,4.6
6256540,11.28
6257185,5.04
6257566,6.6
6259040,5.4
6259384,7.4
6259940,7.8
6260604,5.8
6260986,7
6261727,13.4
6263381,7.8
6264369,7.8
6265228,14.2
6266643,5
6267172,9.8
6268091,11.8
6269150,11.27
6270074,8.6
6271022,11.8
6272223,8.2
6272669,5.4
6273394,6.2
6273870,14.6
6276138,3.4
6276848,8.2
6277730,6.6
6278792,4.6
6279503,4.6
6279810,4.2
6280148,5.4
6280590,5.6
6281018,8
6281825,8.2
6282453,9
6283542,16
6284743,5
6285588,6
6285985,4.6
6286166,12
6287180,4.6
6287707,4.2
6287940,12.75
6289006,4.6
6289323,5.8
6290366,5.1
6290957,33.27
6294079,26.47
6296369,28.7
6298745,7.5
6299275,20.04
6301425,11.84
6302707,13.1
6303717,11.1
6305147,8.16
6306304,7.5
6307601,16.44
6308738,8.3
6316808,14.37
6321098,8.7
6321891,19.9
6323231,16.3
6327543,5.04
6327880,9.8
6329114,12.24
6329945,4.2
6330777,11.8
6331866,23
6334547,23
6338534,45.5
6341319,14.2
6344774,18.8
6347352,8.6
6348098,9.8
6349303,9
6350384,17.8
6352293,19.8
6354087,8.2
6354583,5.4
6355185,17.6
6357073,5.04
6357304,9.8
6357983,5.4
6358333,11.76
6359289,6.2
6360001,7
6360577,4.6
6360868,6
6361321,5.75
6361819,10.8
6362537,11.04
6363392,6.4
6365540,7.8
6366049,7.68
6366473,8.4
6366954,9.2
6367460,10
6368253,10.4
6369017,9.12
6369723,7.2
6370128,16.56
6371288,5.6
6371652,6.8
6372243,8.2
6372817,7.6
6373331,11.52
6374315,8.4
6374982,9.5
6375919,9.5
6376358,19.6
6377539,20.58
6379842,31
6381955,7.9
6382616,12.3
6383873,18.7
6386531,5.5
6387659,25.37
6407645,7.5
6408509,5.5
6409287,21
6411158,57.58
6416827,6.8
6417515,60.07
6430533,50.07
6433787,18.2
6435244,8.2
6435898,9.4
6436880,10
6437792,8.2
6438682,8.2
6439368,8.6
6440284,14.95
6442488,9
6443356,12.24
6444345,11
6445424,6.6
6446006,12.6
6447215,10.25
6447840,7.4
6448505,9.4
6450304,4.8
6450563,5.6
6451076,7.2
6451614,7.8
6453341,6
6453742,11.52
6454477,7.2
6454932,6.4
6455348,8.8
6456069,9.2
6456840,27
6458541,8
6459145,7.2
6459595,11.2
6460575,12.88
6461769,5.6
6462323,20.16
6463559,4.7
6463764,9.9
6464621,6.4
6465155,7.5
6465789,7.7
6466269,77.01
6475045,25.5
6480954,41.16
6482594,19.9
6483801,22.7
6485792,11.88
6495474,13.1
6496770,7.9
6498022,7.1
6501004,9.8
6502393,7
6502946,16.6
6504769,18.3
6506335,18.48
6508244,8.8
6509044,23.4
6511149,18
6513245,11.6
6514876,5
6515244,7.4
6516524,15.4
6517517,15.4
6518771,8.6
6520014,9.4
6521007,9
6521907,9
6522863,5
6523632,4.6
6523971,15.8
6525818,20.2
6527078,8.05
6527652,6.8
6528351,8.2
6529112,5
6530169,9.9
6531384,7.8
6532027,3.8
6533244,5.52
6534418,9.4
6535543,10
6536602,5.98
6536920,7.2
6538681,7.2
6539211,9.6
6539992,15
6541072,8.8
6541972,10.8
6542909,12
6543536,14
6544859,12.96
6545777,8.4
6546777,7.68
6547147,16.1
6548568,8.4
6549677,9.3
6550254,9.9
6551493,31.82
6554403,34.58
6555775,8.3
6556677,13.32
6557660,12.9
6558704,7.24
6559078,12.84
6559904,8.7
6560792,10.7
6561660,11.5
6562803,7.9
6563306,18.4
6565805,6.7
6566283,10
6566930,17.82
6568787,16.7
6569976,23.37
6582521,8.3
6583011,9
6583456,4.3
6583684,11.88
6584249,9.3
6587234,4.2
6588131,5
6588577,11.76
6589575,7
6590472,11.3
6591745,7
6592359,6.21
6593202,10.6
6594186,7
6594760,10.2
6596107,14.1
6597453,10.2
6598335,20.2
6601196,11
6602586,6.2
6603243,36.57
6606474,32.37
6608450,8
6609165,9.8
6610178,9.4
6611850,5.8
6613578,7.44
6614089,11.73
6615404,7.4
6616301,11.28
6617177,11
6618576,3.8
6618807,6.6
6619374,11.75
6620346,3.8
6620502,9.84
6621602,9.2
6622562,5.2
6622847,10.5
6624959,12
6625935,10.4
6626995,5.6
6627448,11.5
6628397,9.6
6629178,6.8
6629687,6.24
6630059,8.16
6630639,7.2
6631320,6.8
6631816,14.7
6633124,13.8
6634168,8.64
6634707,20.6
6636390,8.1
6636897,16.7
6638979,8.3
6639535,4.94
6639720,17.1
6641741,8.3
6642780,35.5
6646160,13.8
6646949,7.24
6647324,9.7
6647815,10.9
6648592,7.9
6649055,9.54
6649562,7.1
6649952,5.1
6650234,9
6650927,9.1
6651633,5.5
6651820,5.9
6652215,14.37
6652961,15.24
6654141,5.5
6654396,11.9
6655908,20.3
6657299,7.7
6658012,13.1
6668072,13.5
6669383,10.5
6670250,5.1
6673238,10.6
6673967,12.6
6674506,6
6674881,5.8
6675190,6.4
6676122,8.6
6676656,10.2
6677460,5.8
6678321,11.27
6679691,19.4
6681626,10.8
6682578,17
6685245,9.4
6686071,13.4
6688013,12.72
6689666,9.8
6690890,10.95
6692136,10.6
6693310,6.6
6694120,8.6
6699434,9.1
6700015,5.8
6700434,6.6
6701076,10
6701822,12.2
6702883,5.4
6703664,7.4
6704374,5
6704740,8.6
6705691,10.2
6706690,7.8
6707460,18.2
6709297,8.8
6711632,6.72
6712031,7.36
6712602,5.6
6712910,5.2
6713157,11.52
6713881,9.66
6714552,6.4
6715185,7.68
6715817,8.8
6716449,6.8
6716985,21
6718595,8.4
6719209,8.16
6719590,8.6
6720128,9.4
6720960,7.2
6721525,11.6
6722613,9.1
6723314,7.1
6723941,7.9
6724316,5.5
6724616,22.92
6726127,26.56
6728104,5.1
6728351,15.5
6730183,15.5
6731889,6.3
6732460,41.5
6736792,41.27
6738966,18.7
6741116,8.3
6741738,6.7
6742456,5.1
6742818,8.62
6743439,4.94
6743732,7.9
6744398,10.3
6745044,11.84
6746144,9.5
6746798,9
6747709,6.7
6748581,13.5
6753242,7.7
6753865,32.27
6759709,7.8
6761811,8.6
6762827,62.58
6767108,11.6
6768334,6.2
6768867,9
6769531,12.2
6770881,6.6
6771589,7
6772187,11.25
6773087,4.2
6773274,8
6773983,57.58
6780378,60.08
6782311,7.4
6783040,7.44
6783675,4.2
6784428,6.2
6784898,14.8
6786040,14.75
6786976,6.6
6787740,7.6
6788467,6.6
6789716,9
6790845,10.2
6791563,15.87
6793199,7.4
6794183,11
6795846,8.25
6796345,5.4
6796869,6.6
6798221,6.6
6799002,20
6801522,11.8
6802490,6.2
6803296,4.6
6803556,18
6804831,11
6807266,6.2
6807780,10.2
6808766,16.2
6810159,14.7
6811347,20.7
6813625,15.06
6815032,7.9
6816962,4.7
6817786,11.4
6818733,6.3
6819131,14.3
6820485,5.9
6820865,11.9
6822095,6.3
6822696,6.7
6823364,10.7
6824226,5.5
6824558,15.9
6825601,8.3
6826364,4.3
6826585,5.1
6826825,8.5
6827541,7.9
6828345,8.5
6829014,7.5
6829814,8.7
6830342,5.5
6830907,5.7
6831474,5.5
6831823,11.9
6832734,9.1
6833220,8.5
6833673,10.37
6835493,7.9
6838682,16.7
6841198,5.9
6841519,7.7
6848292,33.75
6850493,11.75
6851284,3.8
6852149,8.4
6853212,6.6
6853936,8.97
6856792,9.36
6857392,6.2
6858024,53.5
6861397,5
6861927,10.1
6862523,9.4
6863365,9
6864370,8.2
6866064,67
6870845,13
6872117,8.6
6873065,7.5
6873667,17.25
6875364,6.2
6875874,9.8
6876860,9.8
6877743,12.2
6878884,8.2
6879506,8.2
6880705,12.72
6882262,5.8
6883008,5.8
6884003,7.44
6884505,7
6885179,5.4
6885653,7.4
6886195,4.6
6886436,6.6
6887172,5.75
6887598,6.8
6887992,8.4
6888424,9
6888949,19.09
6889986,6.2
6890645,8.6
6891344,11.4
6892747,5.8
6893168,15.4
6894014,6.6
6894981,16.9
6896834,7.9
6897401,8.7
6898009,16.68
6899229,23.1
6901616,5.1
6902000,9.9
6902887,5.1
6903307,5.1
6904339,4.3
6904531,20.3
6906431,8.7
6907522,4.7
6907753,6.6
6908419,9.08
6909530,9.5
6910193,19.66
6911810,5.9
6925813,16.2
6927340,10.3
6928964,5.2
6929478,5.1
6933289,10.6
6934105,8.6
6934974,10.35
6936386,8.2
6937988,7.6
6938542,7
6939080,7
6939932,6.4
6940320,9.7
6941464,4.6
6941770,7
6942237,9.6
6943166,6.4
6943931,9.4
6944952,7.5
6946096,17.04
6948509,14.64
6951149,7
6951636,9.84
6952377,6.6
6953151,11.4
6954232,11.4
6955363,15
6958541,45.5
6967585,8.4
6970278,6.8
6970948,11.4
6972119,6.4
6972617,7.2
6973352,8.64
6973902,6
6974212,7.8
6974833,11.5
6975718,8
6976399,9
6977057,17.4
6978209,5.6
6978468,12.4
6979809,5.6
6980109,6.8
6980730,17.02
6981791,5.5
6982105,5.5
6982841,7.9
6983829,6.3
6984308,15.06
6985686,5.1
6986278,5.9
6987275,7.4
6987636,9.48
6988614,8.3
6989081,7.1
6989802,9.5
6990601,11.9
6991592,11.1
6992813,10.3
6994411,22.1
6996000,5.1
6997103,6.78
6997660,6.7
6998414,4.7
6998861,36.36
7014105,8.3
7014673,80.16
7020225,8.51
7021259,10
7022719,9
7023444,9.8
7024428,12.19
7025500,9.6
7026382,14.2
7027622,6.48
7028066,15.8
7029419,5
7029836,11.27
7031056,11.4
7032310,5.9
7034331,25
7037108,11.28
7038348,10.6
7039521,15.41
7040998,14.25
7042208,9
7044201,11
7045459,14
7047481,6.6
7048375,6.6
7049068,11.4
7050282,14.4
7051470,10.81
7052198,10
7053264,4.2
7053537,9.2
7054360,7.82
7054857,6
7055851,6.8
7056322,7.2
7057758,7.82
7058194,6.8
7058557,10.6
7059319,8.8
7059937,10.4
7060839,7.2
7061383,13.8
7062714,9.6
7063605,10
7064682,10.4
7065431,6.24
7065649,7.36
7066061,9.6
7066712,12
7067833,11.84
7068780,9.5
7069433,12.84
7070383,8.3
7071271,10.7
7072533,8.3
7073352,7.9
7073899,7.5
7074887,5.5
7075294,43.08
7079431,18.6
7081243,8.7
7082401,8.7
7083293,4.7
7084148,11.5
7085176,8.7
7086071,7.56
7086398,6.12
7100383,5.5
7100932,6.5
7101198,16.3
7102275,9.9
7106505,7
7107009,6.4
7108182,3.8
7108373,5
7109194,14.49
7110432,7.8
7111091,5.4
7111795,15.25
7112608,17
7114363,14.2
7116325,7.44
7116999,15.12
7118405,9.8
7119450,9
7120389,9.43
7121583,7.92
7122418,7.4
7123529,10.2
7124532,14.4
7126006,10.2
7127089,7.4
7127744,4.6
7128341,7
7129128,57.58
7134502,11
7140502,7.2
7140926,6.4
7143166,7.2
7143712,7.2
7144259,6
7144655,11.6
7145949,15.64
7147128,11.6
7149034,6
7149623,8.4
7150131,11.6
7151094,8
7151602,6.6
7151828,5.6
7152050,16.1
7153024,18.4
7153983,16.56
7155246,6.6
7155682,10.7
7156505,9.48
7156995,7.9
7157854,12.1
7158474,4.3
7159069,10.5
7160205,10.7
7161652,6.3
7162332,14.6
7163225,18.74
7164890,5.5
7165783,6.7
7166172,7.9
7168583,6.7
7169188,9.5
7170617,7.5
7171864,20
7187134,14.14
7189291,50.07
7203240,7.8
7204409,9.36
7205872,13.4
7207903,5.8
7208409,9
7209858,9.4
7210754,68.3
7216677,11.28
7217527,8.2
7218340,3.8
7218548,7.13
7219359,39.17
7227439,8.8
7228329,7.6
7230113,6.8
7230626,4.4
7231029,8.8
7231874,6
7232357,17.2
7233921,7.6
7234380,10
7235560,7.2
7236010,6
7236260,7.2
7236937,14.4
7238293,5.6
7238765,14
7240425,6.44
7241083,8.7
7241517,5.9
7242264,10.3
7243065,12.36
7243794,4.7
7244131,6.7
7244737,13.68
7245694,5.1
7246423,7.1
7248282,6.7
7248862,6.3
7249270,15.98
7251147,5.5
7251894,11.9
7252756,5.9
7253430,7.9
7254243,8.9
7255006,10.3
7255717,4.3
7256170,10.3
7257042,12.3
7258173,15.5
7259313,9.1
7260080,7.1
7261192,13.1
7262782,6.9
7263133,6.4
7263704,6.7
7264394,26.07
7272966,4.7
7273526,5.1
7274258,5.1
7274957,17.37
7279430,27.17
7283182,10.2
7284111,9.4
7285960,5.4
7286359,7.4
7287091,6.2
7288738,8.2
7289872,4.6
7290582,4.6
7291208,11
7292027,7.8
7292929,9.8
7293680,9.8
7295115,7.4
7296532,8.9
7297964,6.2
7299211,8.6
7303225,11.8
7304382,7.8
7305028,5.8
7305758,5.8
7307168,8.2
7308384,5
7308683,12.8
7310022,4.2
7310549,12.6
7311687,9.4
7313012,6
7314539,6.8
7314917,7.6
7316445,5.6
7316631,8
7317043,6.4
7317439,6.4
7317897,6
7318145,8.8
7318608,6
7319051,17.2
7320676,21.6
7322206,6
7322827,22.9
7326155,8.8
7327027,11.1
7327781,5.5
7328912,9.54
7332592,13.1
7333537,13.5
7335612,11.9
7336429,8.7
7337354,4.3
7338337,7.55
7339224,8.3
7339877,18.3
7340958,9.5
7342519,19.1
7344723,6.3
7346977,9.5
7348381,7.5
7349658,5.9
7350296,11.1
7351770,11.7
7352504,5.1
7352866,13.1
7353900,9.5
7359260,8.7
7360241,12.7
7366755,22.2
7369604,7.4
7377789,22.2
7379423,7.2
7381092,59
7385333,13
7386765,10.25
7389239,4.6
7389494,10.4
7391516,6.2
7392559,12.6
7393863,8.6
7394467,7.8
7395153,7
7395703,5.4
7396227,5.4
7397719,15.4
7398872,3.8
7399102,5.6
7400555,7.8
7401711,5.4
7403015,13.8
7403935,10.2
7404776,6.6
7405213,9
7406202,4.8
7406652,11.27
7407958,8.75
7408491,5.8
7409037,13.11
7409681,4.6
7409900,6.2
7410702,11.3
7411351,6.6
7412070,5.4
7412588,11.73
7413626,7.5
7414152,9.1
7415113,19.9
7416369,5.5
7416760,7.9
7418867,5.1
7419447,7.9
7420743,8.7
7421391,5.1
7421961,16.3
7424205,6.12
7424544,6.3
7425248,7.9
7425970,5.1
7427150,12.3
7428141,14.3
7429526,5.9
7431271,15.5
7432363,37.1
7434536,4.7
7434722,9.5
7436347,10.44
7436836,10.92
7437590,12.7
7440013,25
7443738,5.9
7444997,15.1
7448179,5.9
7453821,17.4
7455467,8.6
7456532,4.37
7458495,32.96
7460397,4.2
7461910,6.6
7463774,13.1
7464538,6
7465442,5
7465986,22.2
7468144,7.4
7469123,13.4
7470355,5.4
7470771,10.2
7471532,4.25
7473018,5.8
7473472,4.2
7474126,5.4
7474945,8.6
7475724,10
7477305,7.8
7477986,8.05
7478865,12.6
7480264,5
7481860,10
7482813,14.6
7484525,4.2
7484868,12.6
7486262,10.6
7487669,7.8
7488577,3.4
7556517,11
7557735,30.37
7562372,6.2
7562810,8.2
7564115,7.44
7564630,5
7565122,3.4
7565561,4.2
7565944,22.8
7567262,6.2
7568042,10.6
7568967,7
7570401,7.4
7571175,12.24
7572786,8
7573562,6.4
7574054,5.2
7578772,9.2
7579533,8
7580308,8
7581000,6
7581368,8
7581947,5.2
7583490,9.6
7584405,6.8
7585136,10.08
7585779,10.08
7586540,7.9
7587633,7.1
7588714,7.9
7589960,9.9
7591743,8.3
7592483,13.3
7593660,9.5
7595120,5.5
7595488,4.7
7595809,8.3
7596337,10.7
7597403,5.5
7598614,12.37
7599955,7.24
7600491,7.9
7601615,11.38
7620062,21.9
7624497,25.17
7626756,19
7628585,8.6
7630045,9
7630856,7.4
7632190,8.2
7633165,16.2
7634032,5.8
7635028,5
7635531,15.4
7636839,15
7638031,8.2
7639077,28.75
7642375,12.2
7643747,11.8
7645150,10.2
7646324,17
7648090,12.2
7648975,29.8
7651064,20.2
7653287,11.4
7654381,5.8
7654741,6.67
7655331,11
7657581,11
7658610,5.2
7659195,7
7660296,8
7661025,6.4
7662458,6.4
7662894,10
7664125,6.8
7664598,10
7665413,7.2
7666775,18.86
7668198,16.32
7669766,10
7671236,6.2
7672242,6.2
7673931,8.3
7674722,9.5
7675734,6.78
7677851,15.87
7679012,45.42
7689003,9.9
7705719,21.5
7710952,12.24
7712041,12.2
7713761,5
7714451,5.75
7715012,10.8
7715979,3.4
7717290,12.2
7719552,12.19
7720516,8.8
7721237,6.6
7721737,9.8
7723269,9
7724761,15.8
7726677,7.8
7727548,13.8
7729330,8.2
7730120,31.17
7733255,28.6
7737498,7
7738479,7
7739382,20.2
7740796,10.2
7741914,17
7744134,7.8
7744964,6
7745562,9.2
7747125,6.4
7747879,6
7748751,15.6
7750525,8.4
7751271,17.42
7753930,19.6
7755884,8.8
7756754,10
7757671,12
7758228,12
7759786,14.37
7761626,6.3
7762076,17.36
7763506,20.7
7764976,17.1
7766916,13.1
7768081,5.9
7768573,7.1
7769135,13
7770171,18.3
7771988,10.3
7773721,11.9
7774628,21.5
7776137,3.9
7777223,7.08
7777576,5.9
7778499,7.5
7798158,7.8
7798844,6.6
7799310,8.2
7800442,5
7801321,7.4
7802283,15.4
7804238,5.8
7804957,6.75
7805475,5.4
7806811,10.6
7808061,12.6
7810612,7.4
7811666,11.8
7813108,5.8
7814032,5.8
7814754,15.87
7817258,15.8
7818898,14.6
7820769,7.4
7822208,7.4
7823093,7.4
7824341,10.2
7826910,11.4
7828236,14.6
7829541,14.6
7830451,10.6
7832844,8.8
7833801,7.2
7834773,13.2
7836087,20
7837884,7.2
7838458,5.6
7838752,8.8
7839630,6.4
7840090,7.2
7840809,12
7842480,10
7843805,7.36
7844305,8.8
7845288,8.8
7846252,9.9
7848699,7.5
7849479,10.6
7850617,13.5
7852274,8.3
7855193,13.9
7856452,4.7
7856641,14.3
7858259,6.7
7858781,5.9
7859437,6.7
7860234,20.3
7862063,9.1
7863642,7
7864318,9.5
7865052,12.3
7865919,12.3
7867378,5.1
7867676,5.5
7867907,8.7
7868819,5.9
7877280,6.3
7884125,29.8
7888773,7
7889758,7
7891157,5.4
7892710,5.8
7895091,10.2
7897421,9
7898866,5.8
7899733,4.2
7900062,12.2
7901294,6.2
7901961,21
7903527,9.4
7908781,8.6
7911204,8.6
7912906,17.4
7915447,6.2
7915911,5.8
7917657,8
7919097,8
7919571,5.2
7921280,6.4
7921641,8.8
7922357,9.2
7923170,6.4
7923703,9.6
7924462,13.92
7928154,15.36
7929402,9
7929987,8.45
7930702,9.6
7931431,15.2
7932262,10.7
7933187,7.9
7933948,7.5
7935058,15
7936923,7.1
7937383,6.7
7937943,17.5
7939407,20.3
7941162,3.9
7941596,11.5
7942926,6.7
7943505,10.3
7944320,5.5
7944886,7.1
